split,set,field
train,inspiration (gold),CL / NLP
train,inspiration (gold),computer vision
train,inspiration (gold),computer vision
train,inspiration (gold),CL / NLP
train,inspiration (gold),CL / NLP
train,inspiration (gold),CL / NLP
train,inspiration (gold),CL / NLP
train,inspiration (gold),other arXiv (math.LO)
train,inspiration (gold),CL / NLP
train,inspiration (gold),CL / NLP
train,inspiration (gold),CL / NLP
train,inspiration (gold),CL / NLP
train,inspiration (gold),ML / AI (general)
train,inspiration (gold),CL / NLP
train,inspiration (gold),CL / NLP
train,inspiration (gold),CL / NLP
train,inspiration (gold),CL / NLP
train,inspiration (gold),CL / NLP
train,inspiration (gold),CL / NLP
train,inspiration (gold),CL / NLP
train,inspiration (gold),CL / NLP
train,inspiration (gold),CL / NLP
train,inspiration (gold),CL / NLP
train,inspiration (gold),CL / NLP
train,inspiration (gold),CL / NLP
train,inspiration (gold),CL / NLP
train,inspiration (gold),CL / NLP
train,inspiration (gold),CL / NLP
train,inspiration (gold),CL / NLP
train,inspiration (gold),CL / NLP
train,inspiration (gold),CL / NLP
train,inspiration (gold),computer vision
train,inspiration (gold),computer vision
train,inspiration (gold),computer vision
train,inspiration (gold),CL / NLP
train,inspiration (gold),CL / NLP
train,inspiration (gold),CL / NLP
train,inspiration (gold),CL / NLP
train,inspiration (gold),CL / NLP
train,inspiration (gold),CL / NLP
train,inspiration (gold),other venue
train,inspiration (gold),CL / NLP
train,inspiration (gold),CL / NLP
train,inspiration (gold),CL / NLP
train,inspiration (gold),CL / NLP
train,inspiration (gold),CL / NLP
train,inspiration (gold),CL / NLP
train,inspiration (gold),CL / NLP
train,inspiration (gold),CL / NLP
train,inspiration (gold),CL / NLP
train,inspiration (gold),CL / NLP
train,inspiration (gold),CL / NLP
train,inspiration (gold),CL / NLP
train,inspiration (gold),CL / NLP
train,inspiration (gold),CL / NLP
train,inspiration (gold),CL / NLP
train,inspiration (gold),CL / NLP
train,inspiration (gold),other venue
train,inspiration (gold),CL / NLP
train,inspiration (gold),CL / NLP
train,inspiration (gold),CL / NLP
train,inspiration (gold),other venue
train,inspiration (gold),CL / NLP
train,inspiration (gold),CL / NLP
train,inspiration (gold),CL / NLP
train,inspiration (gold),CL / NLP
train,inspiration (gold),CL / NLP
train,inspiration (gold),CL / NLP
train,inspiration (gold),CL / NLP
train,inspiration (gold),CL / NLP
train,inspiration (gold),CL / NLP
train,inspiration (gold),CL / NLP
train,inspiration (gold),CL / NLP
train,inspiration (gold),CL / NLP
train,inspiration (gold),computer vision
train,inspiration (gold),CL / NLP
train,inspiration (gold),CL / NLP
train,inspiration (gold),CL / NLP
train,inspiration (gold),CL / NLP
train,inspiration (gold),CL / NLP
train,inspiration (gold),CL / NLP
train,inspiration (gold),CL / NLP
train,inspiration (gold),CL / NLP
train,inspiration (gold),CL / NLP
train,inspiration (gold),CL / NLP
train,inspiration (gold),CL / NLP
train,inspiration (gold),CL / NLP
train,inspiration (gold),unknown
train,inspiration (gold),ML / AI (general)
train,inspiration (gold),ML / AI (general)
train,inspiration (gold),CL / NLP
train,inspiration (gold),CL / NLP
train,inspiration (gold),information retrieval
train,inspiration (gold),CL / NLP
train,inspiration (gold),CL / NLP
train,inspiration (gold),CL / NLP
train,inspiration (gold),CL / NLP
train,inspiration (gold),CL / NLP
train,inspiration (gold),CL / NLP
train,inspiration (gold),CL / NLP
train,inspiration (gold),other venue
train,inspiration (gold),CL / NLP
train,inspiration (gold),CL / NLP
train,inspiration (gold),CL / NLP
train,inspiration (gold),CL / NLP
train,inspiration (gold),CL / NLP
train,inspiration (gold),CL / NLP
train,inspiration (gold),CL / NLP
train,inspiration (gold),CL / NLP
train,inspiration (gold),CL / NLP
train,inspiration (gold),information retrieval
train,inspiration (gold),CL / NLP
train,inspiration (gold),ML / AI (general)
train,inspiration (gold),CL / NLP
train,inspiration (gold),CL / NLP
train,inspiration (gold),CL / NLP
train,inspiration (gold),CL / NLP
train,inspiration (gold),CL / NLP
train,inspiration (gold),CL / NLP
train,inspiration (gold),CL / NLP
train,inspiration (gold),CL / NLP
train,inspiration (gold),CL / NLP
train,inspiration (gold),speech
train,inspiration (gold),CL / NLP
train,inspiration (gold),CL / NLP
train,inspiration (gold),CL / NLP
train,inspiration (gold),CL / NLP
train,inspiration (gold),CL / NLP
train,inspiration (gold),information retrieval
train,inspiration (gold),information retrieval
train,inspiration (gold),ML / AI (general)
train,inspiration (gold),CL / NLP
train,inspiration (gold),unknown
train,inspiration (gold),CL / NLP
train,inspiration (gold),CL / NLP
train,inspiration (gold),CL / NLP
train,inspiration (gold),CL / NLP
train,inspiration (gold),other venue
train,inspiration (gold),CL / NLP
train,inspiration (gold),CL / NLP
train,inspiration (gold),CL / NLP
train,inspiration (gold),CL / NLP
train,inspiration (gold),CL / NLP
train,inspiration (gold),CL / NLP
train,inspiration (gold),CL / NLP
train,inspiration (gold),CL / NLP
train,inspiration (gold),CL / NLP
train,inspiration (gold),CL / NLP
train,inspiration (gold),CL / NLP
train,inspiration (gold),CL / NLP
train,inspiration (gold),ML / AI (general)
train,inspiration (gold),unknown
train,inspiration (gold),CL / NLP
train,inspiration (gold),CL / NLP
train,inspiration (gold),CL / NLP
train,inspiration (gold),CL / NLP
train,inspiration (gold),CL / NLP
train,inspiration (gold),CL / NLP
train,inspiration (gold),CL / NLP
train,inspiration (gold),CL / NLP
train,inspiration (gold),CL / NLP
train,inspiration (gold),CL / NLP
train,inspiration (gold),CL / NLP
train,inspiration (gold),CL / NLP
train,inspiration (gold),CL / NLP
train,inspiration (gold),CL / NLP
train,inspiration (gold),CL / NLP
train,inspiration (gold),CL / NLP
train,inspiration (gold),CL / NLP
train,inspiration (gold),CL / NLP
train,inspiration (gold),CL / NLP
train,inspiration (gold),CL / NLP
train,inspiration (gold),CL / NLP
train,inspiration (gold),CL / NLP
train,inspiration (gold),CL / NLP
train,inspiration (gold),CL / NLP
train,inspiration (gold),CL / NLP
train,inspiration (gold),CL / NLP
train,inspiration (gold),CL / NLP
train,inspiration (gold),CL / NLP
train,inspiration (gold),CL / NLP
train,inspiration (gold),CL / NLP
train,inspiration (gold),CL / NLP
train,inspiration (gold),CL / NLP
train,inspiration (gold),CL / NLP
train,inspiration (gold),CL / NLP
train,inspiration (gold),CL / NLP
train,inspiration (gold),CL / NLP
train,inspiration (gold),CL / NLP
train,inspiration (gold),CL / NLP
train,inspiration (gold),CL / NLP
train,inspiration (gold),ML / AI (general)
train,inspiration (gold),CL / NLP
train,inspiration (gold),CL / NLP
train,inspiration (gold),CL / NLP
train,inspiration (gold),CL / NLP
train,inspiration (gold),CL / NLP
train,inspiration (gold),CL / NLP
train,inspiration (gold),unknown
train,inspiration (gold),CL / NLP
train,inspiration (gold),CL / NLP
train,inspiration (gold),CL / NLP
train,inspiration (gold),CL / NLP
train,inspiration (gold),CL / NLP
train,inspiration (gold),CL / NLP
train,inspiration (gold),CL / NLP
train,inspiration (gold),CL / NLP
train,inspiration (gold),CL / NLP
train,inspiration (gold),CL / NLP
train,inspiration (gold),CL / NLP
train,inspiration (gold),CL / NLP
train,inspiration (gold),CL / NLP
train,inspiration (gold),CL / NLP
train,inspiration (gold),CL / NLP
train,inspiration (gold),CL / NLP
train,inspiration (gold),CL / NLP
train,inspiration (gold),CL / NLP
train,inspiration (gold),unknown
train,inspiration (gold),CL / NLP
train,inspiration (gold),CL / NLP
train,inspiration (gold),CL / NLP
train,inspiration (gold),CL / NLP
train,inspiration (gold),CL / NLP
train,inspiration (gold),CL / NLP
train,inspiration (gold),CL / NLP
train,inspiration (gold),CL / NLP
train,inspiration (gold),CL / NLP
train,inspiration (gold),CL / NLP
train,inspiration (gold),CL / NLP
train,inspiration (gold),CL / NLP
train,inspiration (gold),CL / NLP
train,inspiration (gold),CL / NLP
train,inspiration (gold),other venue
train,inspiration (gold),CL / NLP
train,inspiration (gold),CL / NLP
train,inspiration (gold),CL / NLP
train,inspiration (gold),CL / NLP
train,inspiration (gold),CL / NLP
train,inspiration (gold),CL / NLP
train,inspiration (gold),CL / NLP
train,inspiration (gold),CL / NLP
train,inspiration (gold),CL / NLP
train,inspiration (gold),CL / NLP
train,inspiration (gold),CL / NLP
train,inspiration (gold),CL / NLP
train,inspiration (gold),CL / NLP
train,inspiration (gold),CL / NLP
train,inspiration (gold),ML / AI (general)
train,inspiration (gold),CL / NLP
train,inspiration (gold),CL / NLP
train,inspiration (gold),CL / NLP
train,inspiration (gold),CL / NLP
train,inspiration (gold),CL / NLP
train,inspiration (gold),CL / NLP
train,inspiration (gold),CL / NLP
train,inspiration (gold),CL / NLP
train,inspiration (gold),CL / NLP
train,inspiration (gold),CL / NLP
train,inspiration (gold),CL / NLP
train,inspiration (gold),CL / NLP
train,inspiration (gold),CL / NLP
train,inspiration (gold),CL / NLP
train,inspiration (gold),CL / NLP
train,inspiration (gold),CL / NLP
train,inspiration (gold),CL / NLP
train,inspiration (gold),CL / NLP
train,inspiration (gold),CL / NLP
train,inspiration (gold),CL / NLP
train,inspiration (gold),CL / NLP
train,inspiration (gold),CL / NLP
train,inspiration (gold),CL / NLP
train,inspiration (gold),CL / NLP
train,inspiration (gold),CL / NLP
train,inspiration (gold),CL / NLP
train,inspiration (gold),CL / NLP
train,inspiration (gold),CL / NLP
train,inspiration (gold),CL / NLP
train,inspiration (gold),CL / NLP
train,inspiration (gold),CL / NLP
train,inspiration (gold),other venue
train,inspiration (gold),CL / NLP
train,inspiration (gold),CL / NLP
train,inspiration (gold),CL / NLP
train,inspiration (gold),CL / NLP
train,inspiration (gold),CL / NLP
train,inspiration (gold),CL / NLP
train,inspiration (gold),CL / NLP
train,inspiration (gold),unknown
train,inspiration (gold),CL / NLP
train,inspiration (gold),CL / NLP
train,inspiration (gold),CL / NLP
train,inspiration (gold),other arXiv (physics.soc-ph)
train,inspiration (gold),other venue
train,inspiration (gold),CL / NLP
train,inspiration (gold),CL / NLP
train,inspiration (gold),CL / NLP
train,inspiration (gold),CL / NLP
train,inspiration (gold),CL / NLP
train,inspiration (gold),CL / NLP
train,inspiration (gold),CL / NLP
train,inspiration (gold),CL / NLP
train,inspiration (gold),CL / NLP
train,inspiration (gold),CL / NLP
train,inspiration (gold),CL / NLP
train,inspiration (gold),computer vision
train,inspiration (gold),CL / NLP
train,inspiration (gold),speech
train,inspiration (gold),CL / NLP
train,inspiration (gold),CL / NLP
train,inspiration (gold),CL / NLP
train,inspiration (gold),CL / NLP
train,inspiration (gold),CL / NLP
train,inspiration (gold),CL / NLP
train,inspiration (gold),CL / NLP
train,inspiration (gold),CL / NLP
train,inspiration (gold),CL / NLP
train,inspiration (gold),CL / NLP
train,inspiration (gold),CL / NLP
train,inspiration (gold),CL / NLP
train,inspiration (gold),CL / NLP
train,inspiration (gold),CL / NLP
train,inspiration (gold),CL / NLP
train,inspiration (gold),CL / NLP
train,inspiration (gold),CL / NLP
train,inspiration (gold),ML / AI (general)
train,inspiration (gold),ML / AI (general)
train,inspiration (gold),CL / NLP
train,inspiration (gold),CL / NLP
train,inspiration (gold),CL / NLP
train,inspiration (gold),CL / NLP
train,inspiration (gold),CL / NLP
train,inspiration (gold),CL / NLP
train,inspiration (gold),unknown
train,inspiration (gold),CL / NLP
train,inspiration (gold),CL / NLP
train,inspiration (gold),CL / NLP
train,inspiration (gold),CL / NLP
train,inspiration (gold),CL / NLP
train,inspiration (gold),CL / NLP
train,inspiration (gold),other venue
train,inspiration (gold),CL / NLP
train,inspiration (gold),speech
train,inspiration (gold),CL / NLP
train,inspiration (gold),CL / NLP
train,inspiration (gold),CL / NLP
train,inspiration (gold),CL / NLP
train,inspiration (gold),CL / NLP
train,inspiration (gold),CL / NLP
train,inspiration (gold),CL / NLP
train,inspiration (gold),unknown
train,inspiration (gold),CL / NLP
train,inspiration (gold),other arXiv (cs.RO)
train,inspiration (gold),other venue
train,inspiration (gold),CL / NLP
train,inspiration (gold),CL / NLP
train,inspiration (gold),unknown
train,inspiration (gold),CL / NLP
train,inspiration (gold),CL / NLP
train,inspiration (gold),CL / NLP
train,inspiration (gold),CL / NLP
train,inspiration (gold),CL / NLP
train,inspiration (gold),CL / NLP
train,inspiration (gold),CL / NLP
train,inspiration (gold),ML / AI (general)
train,inspiration (gold),CL / NLP
train,inspiration (gold),CL / NLP
train,inspiration (gold),CL / NLP
train,inspiration (gold),CL / NLP
train,inspiration (gold),CL / NLP
train,inspiration (gold),CL / NLP
train,inspiration (gold),CL / NLP
train,inspiration (gold),CL / NLP
train,inspiration (gold),CL / NLP
train,inspiration (gold),CL / NLP
train,inspiration (gold),CL / NLP
train,inspiration (gold),information retrieval
train,inspiration (gold),CL / NLP
train,inspiration (gold),ML / AI (general)
train,inspiration (gold),CL / NLP
train,inspiration (gold),CL / NLP
train,inspiration (gold),CL / NLP
train,inspiration (gold),CL / NLP
train,inspiration (gold),information retrieval
train,inspiration (gold),information retrieval
train,inspiration (gold),CL / NLP
train,inspiration (gold),CL / NLP
train,inspiration (gold),CL / NLP
train,inspiration (gold),CL / NLP
train,inspiration (gold),CL / NLP
train,inspiration (gold),CL / NLP
train,inspiration (gold),unknown
train,inspiration (gold),CL / NLP
train,inspiration (gold),CL / NLP
train,inspiration (gold),CL / NLP
train,inspiration (gold),CL / NLP
train,inspiration (gold),CL / NLP
train,inspiration (gold),CL / NLP
train,inspiration (gold),CL / NLP
train,inspiration (gold),CL / NLP
train,inspiration (gold),CL / NLP
train,inspiration (gold),CL / NLP
train,inspiration (gold),other venue
train,inspiration (gold),CL / NLP
train,inspiration (gold),CL / NLP
train,inspiration (gold),CL / NLP
train,inspiration (gold),CL / NLP
train,inspiration (gold),CL / NLP
train,inspiration (gold),CL / NLP
train,inspiration (gold),CL / NLP
train,inspiration (gold),CL / NLP
train,inspiration (gold),ML / AI (general)
train,inspiration (gold),ML / AI (general)
train,inspiration (gold),CL / NLP
train,inspiration (gold),CL / NLP
train,inspiration (gold),CL / NLP
train,inspiration (gold),CL / NLP
train,inspiration (gold),CL / NLP
train,inspiration (gold),CL / NLP
train,inspiration (gold),CL / NLP
train,inspiration (gold),CL / NLP
train,inspiration (gold),CL / NLP
train,inspiration (gold),CL / NLP
train,inspiration (gold),CL / NLP
train,inspiration (gold),CL / NLP
train,inspiration (gold),CL / NLP
train,inspiration (gold),computer vision
train,inspiration (gold),ML / AI (general)
train,inspiration (gold),CL / NLP
train,inspiration (gold),CL / NLP
train,inspiration (gold),CL / NLP
train,inspiration (gold),CL / NLP
train,inspiration (gold),CL / NLP
train,inspiration (gold),CL / NLP
train,inspiration (gold),CL / NLP
train,inspiration (gold),CL / NLP
train,inspiration (gold),CL / NLP
train,inspiration (gold),CL / NLP
train,inspiration (gold),CL / NLP
train,inspiration (gold),CL / NLP
train,inspiration (gold),ML / AI (general)
train,inspiration (gold),other venue
train,inspiration (gold),CL / NLP
train,inspiration (gold),CL / NLP
train,inspiration (gold),other venue
train,inspiration (gold),CL / NLP
train,inspiration (gold),CL / NLP
train,inspiration (gold),CL / NLP
train,inspiration (gold),CL / NLP
train,inspiration (gold),information retrieval
train,inspiration (gold),unknown
train,inspiration (gold),CL / NLP
train,inspiration (gold),CL / NLP
train,inspiration (gold),CL / NLP
train,inspiration (gold),CL / NLP
train,inspiration (gold),unknown
train,inspiration (gold),CL / NLP
train,inspiration (gold),CL / NLP
train,inspiration (gold),CL / NLP
train,inspiration (gold),CL / NLP
train,inspiration (gold),CL / NLP
train,inspiration (gold),CL / NLP
train,inspiration (gold),CL / NLP
train,inspiration (gold),CL / NLP
train,inspiration (gold),CL / NLP
train,inspiration (gold),CL / NLP
train,inspiration (gold),CL / NLP
train,inspiration (gold),CL / NLP
train,inspiration (gold),CL / NLP
train,inspiration (gold),CL / NLP
train,inspiration (gold),CL / NLP
train,inspiration (gold),CL / NLP
train,inspiration (gold),CL / NLP
train,inspiration (gold),CL / NLP
train,inspiration (gold),CL / NLP
train,inspiration (gold),ML / AI (general)
train,inspiration (gold),CL / NLP
train,inspiration (gold),CL / NLP
train,inspiration (gold),CL / NLP
train,inspiration (gold),ML / AI (general)
train,inspiration (gold),CL / NLP
train,inspiration (gold),CL / NLP
train,inspiration (gold),CL / NLP
train,inspiration (gold),CL / NLP
train,inspiration (gold),CL / NLP
train,inspiration (gold),CL / NLP
train,inspiration (gold),CL / NLP
train,inspiration (gold),CL / NLP
train,inspiration (gold),CL / NLP
train,inspiration (gold),CL / NLP
train,inspiration (gold),CL / NLP
train,inspiration (gold),ML / AI (general)
train,inspiration (gold),CL / NLP
train,inspiration (gold),CL / NLP
train,inspiration (gold),CL / NLP
train,inspiration (gold),CL / NLP
train,inspiration (gold),CL / NLP
train,inspiration (gold),CL / NLP
train,inspiration (gold),CL / NLP
train,inspiration (gold),CL / NLP
train,inspiration (gold),CL / NLP
train,inspiration (gold),CL / NLP
train,inspiration (gold),CL / NLP
train,inspiration (gold),CL / NLP
train,inspiration (gold),CL / NLP
train,inspiration (gold),CL / NLP
train,inspiration (gold),unknown
train,inspiration (gold),CL / NLP
train,inspiration (gold),CL / NLP
train,inspiration (gold),CL / NLP
train,inspiration (gold),CL / NLP
train,inspiration (gold),CL / NLP
train,inspiration (gold),CL / NLP
train,inspiration (gold),CL / NLP
train,inspiration (gold),CL / NLP
train,inspiration (gold),CL / NLP
train,inspiration (gold),ML / AI (general)
train,inspiration (gold),CL / NLP
train,inspiration (gold),CL / NLP
train,inspiration (gold),CL / NLP
train,inspiration (gold),CL / NLP
train,inspiration (gold),CL / NLP
train,inspiration (gold),CL / NLP
train,inspiration (gold),unknown
train,inspiration (gold),CL / NLP
train,inspiration (gold),CL / NLP
train,inspiration (gold),CL / NLP
train,inspiration (gold),CL / NLP
train,inspiration (gold),computer vision
train,inspiration (gold),CL / NLP
train,inspiration (gold),CL / NLP
train,inspiration (gold),CL / NLP
train,inspiration (gold),CL / NLP
train,inspiration (gold),computer vision
train,inspiration (gold),CL / NLP
train,inspiration (gold),unknown
train,inspiration (gold),CL / NLP
train,inspiration (gold),CL / NLP
train,inspiration (gold),ML / AI (general)
train,inspiration (gold),CL / NLP
train,inspiration (gold),CL / NLP
train,inspiration (gold),CL / NLP
train,inspiration (gold),CL / NLP
train,inspiration (gold),ML / AI (general)
train,inspiration (gold),CL / NLP
train,inspiration (gold),CL / NLP
train,inspiration (gold),information retrieval
train,inspiration (gold),CL / NLP
train,inspiration (gold),CL / NLP
train,inspiration (gold),ML / AI (general)
train,inspiration (gold),CL / NLP
train,inspiration (gold),CL / NLP
train,inspiration (gold),CL / NLP
train,inspiration (gold),CL / NLP
train,inspiration (gold),computer vision
train,inspiration (gold),unknown
train,inspiration (gold),CL / NLP
train,inspiration (gold),CL / NLP
train,inspiration (gold),CL / NLP
train,inspiration (gold),CL / NLP
train,inspiration (gold),CL / NLP
train,inspiration (gold),CL / NLP
train,inspiration (gold),other venue
train,inspiration (gold),CL / NLP
train,inspiration (gold),CL / NLP
train,inspiration (gold),CL / NLP
train,inspiration (gold),CL / NLP
train,inspiration (gold),CL / NLP
train,inspiration (gold),CL / NLP
train,inspiration (gold),CL / NLP
train,inspiration (gold),CL / NLP
train,inspiration (gold),CL / NLP
train,inspiration (gold),CL / NLP
train,inspiration (gold),other venue
train,inspiration (gold),CL / NLP
train,inspiration (gold),CL / NLP
train,inspiration (gold),CL / NLP
train,inspiration (gold),CL / NLP
train,inspiration (gold),CL / NLP
train,inspiration (gold),CL / NLP
train,inspiration (gold),other venue
train,inspiration (gold),ML / AI (general)
train,inspiration (gold),CL / NLP
train,inspiration (gold),CL / NLP
train,inspiration (gold),CL / NLP
train,inspiration (gold),CL / NLP
train,inspiration (gold),CL / NLP
train,inspiration (gold),CL / NLP
train,inspiration (gold),CL / NLP
train,inspiration (gold),ML / AI (general)
train,inspiration (gold),CL / NLP
train,inspiration (gold),CL / NLP
train,inspiration (gold),CL / NLP
train,inspiration (gold),ML / AI (general)
train,inspiration (gold),CL / NLP
train,inspiration (gold),CL / NLP
train,inspiration (gold),other venue
train,inspiration (gold),ML / AI (general)
train,inspiration (gold),unknown
train,inspiration (gold),CL / NLP
train,inspiration (gold),CL / NLP
train,inspiration (gold),CL / NLP
train,inspiration (gold),computer vision
train,inspiration (gold),computer vision
train,inspiration (gold),computer vision
train,inspiration (gold),CL / NLP
train,inspiration (gold),computer vision
train,inspiration (gold),CL / NLP
train,inspiration (gold),CL / NLP
train,inspiration (gold),computer vision
train,inspiration (gold),CL / NLP
train,inspiration (gold),CL / NLP
train,inspiration (gold),CL / NLP
train,inspiration (gold),information retrieval
train,inspiration (gold),CL / NLP
train,inspiration (gold),CL / NLP
train,inspiration (gold),CL / NLP
train,inspiration (gold),CL / NLP
train,inspiration (gold),CL / NLP
train,inspiration (gold),CL / NLP
train,inspiration (gold),CL / NLP
train,inspiration (gold),computer vision
train,inspiration (gold),computer vision
train,inspiration (gold),computer vision
train,inspiration (gold),computer vision
train,inspiration (gold),CL / NLP
train,inspiration (gold),CL / NLP
train,inspiration (gold),CL / NLP
train,inspiration (gold),information retrieval
train,inspiration (gold),CL / NLP
train,inspiration (gold),CL / NLP
train,inspiration (gold),ML / AI (general)
train,inspiration (gold),CL / NLP
train,inspiration (gold),CL / NLP
train,inspiration (gold),CL / NLP
train,inspiration (gold),CL / NLP
train,inspiration (gold),CL / NLP
train,inspiration (gold),CL / NLP
train,inspiration (gold),CL / NLP
train,inspiration (gold),CL / NLP
train,inspiration (gold),ML / AI (general)
train,inspiration (gold),CL / NLP
train,inspiration (gold),CL / NLP
train,inspiration (gold),CL / NLP
train,inspiration (gold),CL / NLP
train,inspiration (gold),CL / NLP
train,inspiration (gold),CL / NLP
train,inspiration (gold),CL / NLP
train,inspiration (gold),CL / NLP
train,inspiration (gold),CL / NLP
train,inspiration (gold),CL / NLP
train,inspiration (gold),ML / AI (general)
train,inspiration (gold),CL / NLP
train,inspiration (gold),CL / NLP
train,inspiration (gold),CL / NLP
train,inspiration (gold),CL / NLP
train,inspiration (gold),CL / NLP
train,inspiration (gold),CL / NLP
train,inspiration (gold),CL / NLP
train,inspiration (gold),CL / NLP
train,inspiration (gold),ML / AI (general)
train,inspiration (gold),CL / NLP
train,inspiration (gold),CL / NLP
train,inspiration (gold),CL / NLP
train,inspiration (gold),CL / NLP
train,inspiration (gold),CL / NLP
train,inspiration (gold),CL / NLP
train,inspiration (gold),CL / NLP
train,inspiration (gold),computer vision
train,inspiration (gold),CL / NLP
train,inspiration (gold),CL / NLP
train,inspiration (gold),CL / NLP
train,inspiration (gold),CL / NLP
train,inspiration (gold),CL / NLP
train,inspiration (gold),CL / NLP
train,inspiration (gold),CL / NLP
train,inspiration (gold),CL / NLP
train,inspiration (gold),CL / NLP
train,inspiration (gold),CL / NLP
train,inspiration (gold),CL / NLP
train,inspiration (gold),CL / NLP
train,inspiration (gold),CL / NLP
train,inspiration (gold),information retrieval
train,inspiration (gold),CL / NLP
train,inspiration (gold),CL / NLP
train,inspiration (gold),CL / NLP
train,inspiration (gold),CL / NLP
train,inspiration (gold),CL / NLP
train,inspiration (gold),CL / NLP
train,inspiration (gold),CL / NLP
train,inspiration (gold),ML / AI (general)
train,inspiration (gold),CL / NLP
train,inspiration (gold),CL / NLP
train,inspiration (gold),unknown
train,inspiration (gold),CL / NLP
train,inspiration (gold),CL / NLP
train,inspiration (gold),CL / NLP
train,inspiration (gold),CL / NLP
train,inspiration (gold),CL / NLP
train,inspiration (gold),CL / NLP
train,inspiration (gold),CL / NLP
train,inspiration (gold),CL / NLP
train,inspiration (gold),CL / NLP
train,inspiration (gold),CL / NLP
train,inspiration (gold),CL / NLP
train,inspiration (gold),other venue
train,inspiration (gold),CL / NLP
train,inspiration (gold),CL / NLP
train,inspiration (gold),CL / NLP
train,inspiration (gold),CL / NLP
train,inspiration (gold),CL / NLP
train,inspiration (gold),CL / NLP
train,inspiration (gold),CL / NLP
train,inspiration (gold),ML / AI (general)
train,inspiration (gold),CL / NLP
train,inspiration (gold),CL / NLP
train,inspiration (gold),CL / NLP
train,inspiration (gold),CL / NLP
train,inspiration (gold),CL / NLP
train,inspiration (gold),CL / NLP
train,inspiration (gold),CL / NLP
train,inspiration (gold),ML / AI (general)
train,inspiration (gold),information retrieval
train,inspiration (gold),CL / NLP
train,inspiration (gold),CL / NLP
train,inspiration (gold),CL / NLP
train,inspiration (gold),CL / NLP
train,inspiration (gold),CL / NLP
train,inspiration (gold),CL / NLP
train,inspiration (gold),CL / NLP
train,inspiration (gold),CL / NLP
train,inspiration (gold),CL / NLP
train,inspiration (gold),CL / NLP
train,inspiration (gold),CL / NLP
train,inspiration (gold),CL / NLP
train,inspiration (gold),CL / NLP
train,inspiration (gold),CL / NLP
train,inspiration (gold),CL / NLP
train,inspiration (gold),CL / NLP
train,inspiration (gold),CL / NLP
train,inspiration (gold),CL / NLP
train,inspiration (gold),CL / NLP
train,inspiration (gold),CL / NLP
train,inspiration (gold),CL / NLP
train,inspiration (gold),CL / NLP
train,inspiration (gold),CL / NLP
train,all cited candidates,CL / NLP
train,all cited candidates,CL / NLP
train,all cited candidates,CL / NLP
train,all cited candidates,CL / NLP
train,all cited candidates,computer vision
train,all cited candidates,computer vision
train,all cited candidates,CL / NLP
train,all cited candidates,CL / NLP
train,all cited candidates,CL / NLP
train,all cited candidates,ML / AI (general)
train,all cited candidates,CL / NLP
train,all cited candidates,CL / NLP
train,all cited candidates,other arXiv (math.LO)
train,all cited candidates,CL / NLP
train,all cited candidates,CL / NLP
train,all cited candidates,CL / NLP
train,all cited candidates,CL / NLP
train,all cited candidates,CL / NLP
train,all cited candidates,CL / NLP
train,all cited candidates,CL / NLP
train,all cited candidates,ML / AI (general)
train,all cited candidates,CL / NLP
train,all cited candidates,CL / NLP
train,all cited candidates,CL / NLP
train,all cited candidates,CL / NLP
train,all cited candidates,CL / NLP
train,all cited candidates,CL / NLP
train,all cited candidates,CL / NLP
train,all cited candidates,CL / NLP
train,all cited candidates,CL / NLP
train,all cited candidates,CL / NLP
train,all cited candidates,CL / NLP
train,all cited candidates,CL / NLP
train,all cited candidates,CL / NLP
train,all cited candidates,CL / NLP
train,all cited candidates,CL / NLP
train,all cited candidates,CL / NLP
train,all cited candidates,CL / NLP
train,all cited candidates,CL / NLP
train,all cited candidates,CL / NLP
train,all cited candidates,CL / NLP
train,all cited candidates,CL / NLP
train,all cited candidates,CL / NLP
train,all cited candidates,CL / NLP
train,all cited candidates,CL / NLP
train,all cited candidates,other venue
train,all cited candidates,other venue
train,all cited candidates,CL / NLP
train,all cited candidates,CL / NLP
train,all cited candidates,computer vision
train,all cited candidates,computer vision
train,all cited candidates,computer vision
train,all cited candidates,CL / NLP
train,all cited candidates,CL / NLP
train,all cited candidates,CL / NLP
train,all cited candidates,CL / NLP
train,all cited candidates,CL / NLP
train,all cited candidates,CL / NLP
train,all cited candidates,CL / NLP
train,all cited candidates,CL / NLP
train,all cited candidates,other venue
train,all cited candidates,CL / NLP
train,all cited candidates,CL / NLP
train,all cited candidates,CL / NLP
train,all cited candidates,CL / NLP
train,all cited candidates,CL / NLP
train,all cited candidates,CL / NLP
train,all cited candidates,CL / NLP
train,all cited candidates,ML / AI (general)
train,all cited candidates,CL / NLP
train,all cited candidates,computer vision
train,all cited candidates,computer vision
train,all cited candidates,CL / NLP
train,all cited candidates,CL / NLP
train,all cited candidates,CL / NLP
train,all cited candidates,unknown
train,all cited candidates,CL / NLP
train,all cited candidates,CL / NLP
train,all cited candidates,ML / AI (general)
train,all cited candidates,ML / AI (general)
train,all cited candidates,CL / NLP
train,all cited candidates,CL / NLP
train,all cited candidates,CL / NLP
train,all cited candidates,CL / NLP
train,all cited candidates,CL / NLP
train,all cited candidates,CL / NLP
train,all cited candidates,CL / NLP
train,all cited candidates,CL / NLP
train,all cited candidates,other venue
train,all cited candidates,CL / NLP
train,all cited candidates,CL / NLP
train,all cited candidates,CL / NLP
train,all cited candidates,other venue
train,all cited candidates,CL / NLP
train,all cited candidates,CL / NLP
train,all cited candidates,CL / NLP
train,all cited candidates,CL / NLP
train,all cited candidates,CL / NLP
train,all cited candidates,CL / NLP
train,all cited candidates,CL / NLP
train,all cited candidates,CL / NLP
train,all cited candidates,CL / NLP
train,all cited candidates,CL / NLP
train,all cited candidates,CL / NLP
train,all cited candidates,CL / NLP
train,all cited candidates,CL / NLP
train,all cited candidates,CL / NLP
train,all cited candidates,CL / NLP
train,all cited candidates,CL / NLP
train,all cited candidates,CL / NLP
train,all cited candidates,CL / NLP
train,all cited candidates,computer vision
train,all cited candidates,ML / AI (general)
train,all cited candidates,CL / NLP
train,all cited candidates,CL / NLP
train,all cited candidates,CL / NLP
train,all cited candidates,unknown
train,all cited candidates,CL / NLP
train,all cited candidates,CL / NLP
train,all cited candidates,CL / NLP
train,all cited candidates,CL / NLP
train,all cited candidates,CL / NLP
train,all cited candidates,CL / NLP
train,all cited candidates,CL / NLP
train,all cited candidates,CL / NLP
train,all cited candidates,computer vision
train,all cited candidates,ML / AI (general)
train,all cited candidates,CL / NLP
train,all cited candidates,computer vision
train,all cited candidates,ML / AI (general)
train,all cited candidates,CL / NLP
train,all cited candidates,ML / AI (general)
train,all cited candidates,CL / NLP
train,all cited candidates,CL / NLP
train,all cited candidates,information retrieval
train,all cited candidates,CL / NLP
train,all cited candidates,CL / NLP
train,all cited candidates,CL / NLP
train,all cited candidates,unknown
train,all cited candidates,unknown
train,all cited candidates,CL / NLP
train,all cited candidates,CL / NLP
train,all cited candidates,ML / AI (general)
train,all cited candidates,ML / AI (general)
train,all cited candidates,CL / NLP
train,all cited candidates,CL / NLP
train,all cited candidates,CL / NLP
train,all cited candidates,unknown
train,all cited candidates,information retrieval
train,all cited candidates,CL / NLP
train,all cited candidates,CL / NLP
train,all cited candidates,CL / NLP
train,all cited candidates,CL / NLP
train,all cited candidates,CL / NLP
train,all cited candidates,CL / NLP
train,all cited candidates,CL / NLP
train,all cited candidates,CL / NLP
train,all cited candidates,CL / NLP
train,all cited candidates,CL / NLP
train,all cited candidates,CL / NLP
train,all cited candidates,CL / NLP
train,all cited candidates,CL / NLP
train,all cited candidates,other venue
train,all cited candidates,CL / NLP
train,all cited candidates,CL / NLP
train,all cited candidates,CL / NLP
train,all cited candidates,CL / NLP
train,all cited candidates,CL / NLP
train,all cited candidates,CL / NLP
train,all cited candidates,CL / NLP
train,all cited candidates,CL / NLP
train,all cited candidates,CL / NLP
train,all cited candidates,CL / NLP
train,all cited candidates,CL / NLP
train,all cited candidates,CL / NLP
train,all cited candidates,CL / NLP
train,all cited candidates,ML / AI (general)
train,all cited candidates,CL / NLP
train,all cited candidates,CL / NLP
train,all cited candidates,information retrieval
train,all cited candidates,CL / NLP
train,all cited candidates,CL / NLP
train,all cited candidates,CL / NLP
train,all cited candidates,CL / NLP
train,all cited candidates,CL / NLP
train,all cited candidates,unknown
train,all cited candidates,CL / NLP
train,all cited candidates,CL / NLP
train,all cited candidates,CL / NLP
train,all cited candidates,CL / NLP
train,all cited candidates,CL / NLP
train,all cited candidates,CL / NLP
train,all cited candidates,CL / NLP
train,all cited candidates,speech
train,all cited candidates,CL / NLP
train,all cited candidates,CL / NLP
train,all cited candidates,CL / NLP
train,all cited candidates,CL / NLP
train,all cited candidates,CL / NLP
train,all cited candidates,CL / NLP
train,all cited candidates,information retrieval
train,all cited candidates,information retrieval
train,all cited candidates,ML / AI (general)
train,all cited candidates,CL / NLP
train,all cited candidates,CL / NLP
train,all cited candidates,CL / NLP
train,all cited candidates,unknown
train,all cited candidates,CL / NLP
train,all cited candidates,CL / NLP
train,all cited candidates,CL / NLP
train,all cited candidates,CL / NLP
train,all cited candidates,CL / NLP
train,all cited candidates,other venue
train,all cited candidates,CL / NLP
train,all cited candidates,CL / NLP
train,all cited candidates,CL / NLP
train,all cited candidates,CL / NLP
train,all cited candidates,CL / NLP
train,all cited candidates,CL / NLP
train,all cited candidates,CL / NLP
train,all cited candidates,CL / NLP
train,all cited candidates,CL / NLP
train,all cited candidates,CL / NLP
train,all cited candidates,ML / AI (general)
train,all cited candidates,unknown
train,all cited candidates,CL / NLP
train,all cited candidates,CL / NLP
train,all cited candidates,CL / NLP
train,all cited candidates,CL / NLP
train,all cited candidates,unknown
train,all cited candidates,CL / NLP
train,all cited candidates,CL / NLP
train,all cited candidates,CL / NLP
train,all cited candidates,CL / NLP
train,all cited candidates,CL / NLP
train,all cited candidates,ML / AI (general)
train,all cited candidates,CL / NLP
train,all cited candidates,CL / NLP
train,all cited candidates,CL / NLP
train,all cited candidates,CL / NLP
train,all cited candidates,CL / NLP
train,all cited candidates,CL / NLP
train,all cited candidates,CL / NLP
train,all cited candidates,CL / NLP
train,all cited candidates,CL / NLP
train,all cited candidates,ML / AI (general)
train,all cited candidates,CL / NLP
train,all cited candidates,speech
train,all cited candidates,speech
train,all cited candidates,CL / NLP
train,all cited candidates,CL / NLP
train,all cited candidates,CL / NLP
train,all cited candidates,CL / NLP
train,all cited candidates,CL / NLP
train,all cited candidates,CL / NLP
train,all cited candidates,CL / NLP
train,all cited candidates,other arXiv (cond-mat.stat-mech)
train,all cited candidates,information retrieval
train,all cited candidates,CL / NLP
train,all cited candidates,unknown
train,all cited candidates,other venue
train,all cited candidates,CL / NLP
train,all cited candidates,CL / NLP
train,all cited candidates,CL / NLP
train,all cited candidates,CL / NLP
train,all cited candidates,other venue
train,all cited candidates,CL / NLP
train,all cited candidates,CL / NLP
train,all cited candidates,CL / NLP
train,all cited candidates,CL / NLP
train,all cited candidates,CL / NLP
train,all cited candidates,CL / NLP
train,all cited candidates,other venue
train,all cited candidates,CL / NLP
train,all cited candidates,CL / NLP
train,all cited candidates,CL / NLP
train,all cited candidates,CL / NLP
train,all cited candidates,other venue
train,all cited candidates,CL / NLP
train,all cited candidates,CL / NLP
train,all cited candidates,CL / NLP
train,all cited candidates,CL / NLP
train,all cited candidates,other venue
train,all cited candidates,CL / NLP
train,all cited candidates,CL / NLP
train,all cited candidates,CL / NLP
train,all cited candidates,CL / NLP
train,all cited candidates,CL / NLP
train,all cited candidates,CL / NLP
train,all cited candidates,CL / NLP
train,all cited candidates,CL / NLP
train,all cited candidates,CL / NLP
train,all cited candidates,CL / NLP
train,all cited candidates,CL / NLP
train,all cited candidates,ML / AI (general)
train,all cited candidates,CL / NLP
train,all cited candidates,CL / NLP
train,all cited candidates,CL / NLP
train,all cited candidates,CL / NLP
train,all cited candidates,other venue
train,all cited candidates,ML / AI (general)
train,all cited candidates,computer vision
train,all cited candidates,CL / NLP
train,all cited candidates,CL / NLP
train,all cited candidates,CL / NLP
train,all cited candidates,CL / NLP
train,all cited candidates,CL / NLP
train,all cited candidates,unknown
train,all cited candidates,CL / NLP
train,all cited candidates,CL / NLP
train,all cited candidates,CL / NLP
train,all cited candidates,CL / NLP
train,all cited candidates,CL / NLP
train,all cited candidates,unknown
train,all cited candidates,CL / NLP
train,all cited candidates,CL / NLP
train,all cited candidates,CL / NLP
train,all cited candidates,CL / NLP
train,all cited candidates,CL / NLP
train,all cited candidates,CL / NLP
train,all cited candidates,CL / NLP
train,all cited candidates,CL / NLP
train,all cited candidates,CL / NLP
train,all cited candidates,CL / NLP
train,all cited candidates,CL / NLP
train,all cited candidates,CL / NLP
train,all cited candidates,CL / NLP
train,all cited candidates,CL / NLP
train,all cited candidates,CL / NLP
train,all cited candidates,CL / NLP
train,all cited candidates,speech
train,all cited candidates,CL / NLP
train,all cited candidates,CL / NLP
train,all cited candidates,CL / NLP
train,all cited candidates,CL / NLP
train,all cited candidates,CL / NLP
train,all cited candidates,CL / NLP
train,all cited candidates,CL / NLP
train,all cited candidates,CL / NLP
train,all cited candidates,CL / NLP
train,all cited candidates,CL / NLP
train,all cited candidates,CL / NLP
train,all cited candidates,CL / NLP
train,all cited candidates,CL / NLP
train,all cited candidates,CL / NLP
train,all cited candidates,CL / NLP
train,all cited candidates,information retrieval
train,all cited candidates,CL / NLP
train,all cited candidates,CL / NLP
train,all cited candidates,CL / NLP
train,all cited candidates,CL / NLP
train,all cited candidates,CL / NLP
train,all cited candidates,CL / NLP
train,all cited candidates,CL / NLP
train,all cited candidates,CL / NLP
train,all cited candidates,CL / NLP
train,all cited candidates,CL / NLP
train,all cited candidates,CL / NLP
train,all cited candidates,CL / NLP
train,all cited candidates,CL / NLP
train,all cited candidates,CL / NLP
train,all cited candidates,CL / NLP
train,all cited candidates,CL / NLP
train,all cited candidates,CL / NLP
train,all cited candidates,CL / NLP
train,all cited candidates,CL / NLP
train,all cited candidates,CL / NLP
train,all cited candidates,CL / NLP
train,all cited candidates,CL / NLP
train,all cited candidates,CL / NLP
train,all cited candidates,CL / NLP
train,all cited candidates,CL / NLP
train,all cited candidates,CL / NLP
train,all cited candidates,other venue
train,all cited candidates,CL / NLP
train,all cited candidates,CL / NLP
train,all cited candidates,CL / NLP
train,all cited candidates,CL / NLP
train,all cited candidates,CL / NLP
train,all cited candidates,CL / NLP
train,all cited candidates,CL / NLP
train,all cited candidates,CL / NLP
train,all cited candidates,CL / NLP
train,all cited candidates,information retrieval
train,all cited candidates,CL / NLP
train,all cited candidates,CL / NLP
train,all cited candidates,CL / NLP
train,all cited candidates,CL / NLP
train,all cited candidates,CL / NLP
train,all cited candidates,CL / NLP
train,all cited candidates,CL / NLP
train,all cited candidates,CL / NLP
train,all cited candidates,CL / NLP
train,all cited candidates,CL / NLP
train,all cited candidates,CL / NLP
train,all cited candidates,CL / NLP
train,all cited candidates,CL / NLP
train,all cited candidates,CL / NLP
train,all cited candidates,CL / NLP
train,all cited candidates,computer vision
train,all cited candidates,computer vision
train,all cited candidates,other venue
train,all cited candidates,ML / AI (general)
train,all cited candidates,CL / NLP
train,all cited candidates,CL / NLP
train,all cited candidates,CL / NLP
train,all cited candidates,CL / NLP
train,all cited candidates,ML / AI (general)
train,all cited candidates,CL / NLP
train,all cited candidates,CL / NLP
train,all cited candidates,ML / AI (general)
train,all cited candidates,CL / NLP
train,all cited candidates,CL / NLP
train,all cited candidates,CL / NLP
train,all cited candidates,CL / NLP
train,all cited candidates,computer vision
train,all cited candidates,CL / NLP
train,all cited candidates,CL / NLP
train,all cited candidates,CL / NLP
train,all cited candidates,CL / NLP
train,all cited candidates,CL / NLP
train,all cited candidates,ML / AI (general)
train,all cited candidates,CL / NLP
train,all cited candidates,CL / NLP
train,all cited candidates,CL / NLP
train,all cited candidates,ML / AI (general)
train,all cited candidates,CL / NLP
train,all cited candidates,CL / NLP
train,all cited candidates,CL / NLP
train,all cited candidates,CL / NLP
train,all cited candidates,CL / NLP
train,all cited candidates,CL / NLP
train,all cited candidates,CL / NLP
train,all cited candidates,CL / NLP
train,all cited candidates,CL / NLP
train,all cited candidates,other venue
train,all cited candidates,CL / NLP
train,all cited candidates,CL / NLP
train,all cited candidates,CL / NLP
train,all cited candidates,CL / NLP
train,all cited candidates,ML / AI (general)
train,all cited candidates,CL / NLP
train,all cited candidates,CL / NLP
train,all cited candidates,CL / NLP
train,all cited candidates,CL / NLP
train,all cited candidates,CL / NLP
train,all cited candidates,CL / NLP
train,all cited candidates,CL / NLP
train,all cited candidates,CL / NLP
train,all cited candidates,unknown
train,all cited candidates,CL / NLP
train,all cited candidates,CL / NLP
train,all cited candidates,CL / NLP
train,all cited candidates,CL / NLP
train,all cited candidates,CL / NLP
train,all cited candidates,speech
train,all cited candidates,CL / NLP
train,all cited candidates,CL / NLP
train,all cited candidates,CL / NLP
train,all cited candidates,ML / AI (general)
train,all cited candidates,CL / NLP
train,all cited candidates,CL / NLP
train,all cited candidates,CL / NLP
train,all cited candidates,other venue
train,all cited candidates,CL / NLP
train,all cited candidates,CL / NLP
train,all cited candidates,CL / NLP
train,all cited candidates,CL / NLP
train,all cited candidates,CL / NLP
train,all cited candidates,CL / NLP
train,all cited candidates,CL / NLP
train,all cited candidates,CL / NLP
train,all cited candidates,CL / NLP
train,all cited candidates,CL / NLP
train,all cited candidates,unknown
train,all cited candidates,CL / NLP
train,all cited candidates,CL / NLP
train,all cited candidates,CL / NLP
train,all cited candidates,other arXiv (physics.soc-ph)
train,all cited candidates,other venue
train,all cited candidates,ML / AI (general)
train,all cited candidates,CL / NLP
train,all cited candidates,CL / NLP
train,all cited candidates,CL / NLP
train,all cited candidates,CL / NLP
train,all cited candidates,CL / NLP
train,all cited candidates,CL / NLP
train,all cited candidates,unknown
train,all cited candidates,CL / NLP
train,all cited candidates,CL / NLP
train,all cited candidates,CL / NLP
train,all cited candidates,CL / NLP
train,all cited candidates,CL / NLP
train,all cited candidates,CL / NLP
train,all cited candidates,CL / NLP
train,all cited candidates,CL / NLP
train,all cited candidates,CL / NLP
train,all cited candidates,CL / NLP
train,all cited candidates,CL / NLP
train,all cited candidates,computer vision
train,all cited candidates,computer vision
train,all cited candidates,unknown
train,all cited candidates,computer vision
train,all cited candidates,computer vision
train,all cited candidates,CL / NLP
train,all cited candidates,CL / NLP
train,all cited candidates,CL / NLP
train,all cited candidates,CL / NLP
train,all cited candidates,other venue
train,all cited candidates,speech
train,all cited candidates,ML / AI (general)
train,all cited candidates,CL / NLP
train,all cited candidates,CL / NLP
train,all cited candidates,CL / NLP
train,all cited candidates,CL / NLP
train,all cited candidates,CL / NLP
train,all cited candidates,CL / NLP
train,all cited candidates,CL / NLP
train,all cited candidates,CL / NLP
train,all cited candidates,CL / NLP
train,all cited candidates,CL / NLP
train,all cited candidates,CL / NLP
train,all cited candidates,CL / NLP
train,all cited candidates,CL / NLP
train,all cited candidates,CL / NLP
train,all cited candidates,CL / NLP
train,all cited candidates,CL / NLP
train,all cited candidates,unknown
train,all cited candidates,CL / NLP
train,all cited candidates,ML / AI (general)
train,all cited candidates,CL / NLP
train,all cited candidates,CL / NLP
train,all cited candidates,CL / NLP
train,all cited candidates,CL / NLP
train,all cited candidates,CL / NLP
train,all cited candidates,CL / NLP
train,all cited candidates,CL / NLP
train,all cited candidates,CL / NLP
train,all cited candidates,CL / NLP
train,all cited candidates,ML / AI (general)
train,all cited candidates,CL / NLP
train,all cited candidates,ML / AI (general)
train,all cited candidates,CL / NLP
train,all cited candidates,CL / NLP
train,all cited candidates,ML / AI (general)
train,all cited candidates,other arXiv (cs.CY)
train,all cited candidates,CL / NLP
train,all cited candidates,CL / NLP
train,all cited candidates,CL / NLP
train,all cited candidates,CL / NLP
train,all cited candidates,CL / NLP
train,all cited candidates,CL / NLP
train,all cited candidates,CL / NLP
train,all cited candidates,unknown
train,all cited candidates,CL / NLP
train,all cited candidates,CL / NLP
train,all cited candidates,CL / NLP
train,all cited candidates,CL / NLP
train,all cited candidates,CL / NLP
train,all cited candidates,CL / NLP
train,all cited candidates,other venue
train,all cited candidates,CL / NLP
train,all cited candidates,CL / NLP
train,all cited candidates,ML / AI (general)
train,all cited candidates,CL / NLP
train,all cited candidates,CL / NLP
train,all cited candidates,CL / NLP
train,all cited candidates,unknown
train,all cited candidates,computer vision
train,all cited candidates,speech
train,all cited candidates,CL / NLP
train,all cited candidates,CL / NLP
train,all cited candidates,CL / NLP
train,all cited candidates,CL / NLP
train,all cited candidates,CL / NLP
train,all cited candidates,CL / NLP
train,all cited candidates,CL / NLP
train,all cited candidates,CL / NLP
train,all cited candidates,CL / NLP
train,all cited candidates,CL / NLP
train,all cited candidates,CL / NLP
train,all cited candidates,unknown
train,all cited candidates,CL / NLP
train,all cited candidates,CL / NLP
train,all cited candidates,CL / NLP
train,all cited candidates,CL / NLP
train,all cited candidates,other venue
train,all cited candidates,other arXiv (cs.RO)
train,all cited candidates,other venue
train,all cited candidates,CL / NLP
train,all cited candidates,CL / NLP
train,all cited candidates,CL / NLP
train,all cited candidates,other venue
train,all cited candidates,unknown
train,all cited candidates,CL / NLP
train,all cited candidates,CL / NLP
train,all cited candidates,other venue
train,all cited candidates,unknown
train,all cited candidates,information retrieval
train,all cited candidates,CL / NLP
train,all cited candidates,CL / NLP
train,all cited candidates,CL / NLP
train,all cited candidates,CL / NLP
train,all cited candidates,CL / NLP
train,all cited candidates,CL / NLP
train,all cited candidates,CL / NLP
train,all cited candidates,CL / NLP
train,all cited candidates,CL / NLP
train,all cited candidates,CL / NLP
train,all cited candidates,CL / NLP
train,all cited candidates,CL / NLP
train,all cited candidates,CL / NLP
train,all cited candidates,speech
train,all cited candidates,ML / AI (general)
train,all cited candidates,CL / NLP
train,all cited candidates,CL / NLP
train,all cited candidates,other venue
train,all cited candidates,CL / NLP
train,all cited candidates,CL / NLP
train,all cited candidates,CL / NLP
train,all cited candidates,CL / NLP
train,all cited candidates,CL / NLP
train,all cited candidates,CL / NLP
train,all cited candidates,CL / NLP
train,all cited candidates,CL / NLP
train,all cited candidates,CL / NLP
train,all cited candidates,CL / NLP
train,all cited candidates,CL / NLP
train,all cited candidates,information retrieval
train,all cited candidates,information retrieval
train,all cited candidates,CL / NLP
train,all cited candidates,CL / NLP
train,all cited candidates,ML / AI (general)
train,all cited candidates,CL / NLP
train,all cited candidates,other arXiv (cs.IT)
train,all cited candidates,CL / NLP
train,all cited candidates,CL / NLP
train,all cited candidates,CL / NLP
train,all cited candidates,speech
train,all cited candidates,CL / NLP
train,all cited candidates,CL / NLP
train,all cited candidates,CL / NLP
train,all cited candidates,unknown
train,all cited candidates,CL / NLP
train,all cited candidates,CL / NLP
train,all cited candidates,ML / AI (general)
train,all cited candidates,CL / NLP
train,all cited candidates,information retrieval
train,all cited candidates,information retrieval
train,all cited candidates,CL / NLP
train,all cited candidates,information retrieval
train,all cited candidates,CL / NLP
train,all cited candidates,CL / NLP
train,all cited candidates,CL / NLP
train,all cited candidates,CL / NLP
train,all cited candidates,CL / NLP
train,all cited candidates,CL / NLP
train,all cited candidates,CL / NLP
train,all cited candidates,unknown
train,all cited candidates,CL / NLP
train,all cited candidates,CL / NLP
train,all cited candidates,CL / NLP
train,all cited candidates,CL / NLP
train,all cited candidates,CL / NLP
train,all cited candidates,CL / NLP
train,all cited candidates,CL / NLP
train,all cited candidates,CL / NLP
train,all cited candidates,CL / NLP
train,all cited candidates,CL / NLP
train,all cited candidates,CL / NLP
train,all cited candidates,other venue
train,all cited candidates,CL / NLP
train,all cited candidates,CL / NLP
train,all cited candidates,CL / NLP
train,all cited candidates,other venue
train,all cited candidates,CL / NLP
train,all cited candidates,CL / NLP
train,all cited candidates,CL / NLP
train,all cited candidates,CL / NLP
train,all cited candidates,CL / NLP
train,all cited candidates,CL / NLP
train,all cited candidates,CL / NLP
train,all cited candidates,CL / NLP
train,all cited candidates,CL / NLP
train,all cited candidates,CL / NLP
train,all cited candidates,CL / NLP
train,all cited candidates,CL / NLP
train,all cited candidates,ML / AI (general)
train,all cited candidates,ML / AI (general)
train,all cited candidates,CL / NLP
train,all cited candidates,CL / NLP
train,all cited candidates,CL / NLP
train,all cited candidates,CL / NLP
train,all cited candidates,CL / NLP
train,all cited candidates,CL / NLP
train,all cited candidates,ML / AI (general)
train,all cited candidates,CL / NLP
train,all cited candidates,other venue
train,all cited candidates,ML / AI (general)
train,all cited candidates,computer vision
train,all cited candidates,ML / AI (general)
train,all cited candidates,unknown
train,all cited candidates,CL / NLP
train,all cited candidates,CL / NLP
train,all cited candidates,CL / NLP
train,all cited candidates,CL / NLP
train,all cited candidates,CL / NLP
train,all cited candidates,CL / NLP
train,all cited candidates,CL / NLP
train,all cited candidates,CL / NLP
train,all cited candidates,CL / NLP
train,all cited candidates,CL / NLP
train,all cited candidates,CL / NLP
train,all cited candidates,computer vision
train,all cited candidates,CL / NLP
train,all cited candidates,CL / NLP
train,all cited candidates,CL / NLP
train,all cited candidates,CL / NLP
train,all cited candidates,CL / NLP
train,all cited candidates,CL / NLP
train,all cited candidates,CL / NLP
train,all cited candidates,CL / NLP
train,all cited candidates,CL / NLP
train,all cited candidates,CL / NLP
train,all cited candidates,CL / NLP
train,all cited candidates,CL / NLP
train,all cited candidates,CL / NLP
train,all cited candidates,CL / NLP
train,all cited candidates,CL / NLP
train,all cited candidates,CL / NLP
train,all cited candidates,ML / AI (general)
train,all cited candidates,CL / NLP
train,all cited candidates,other venue
train,all cited candidates,CL / NLP
train,all cited candidates,ML / AI (general)
train,all cited candidates,CL / NLP
train,all cited candidates,other venue
train,all cited candidates,CL / NLP
train,all cited candidates,other venue
train,all cited candidates,CL / NLP
train,all cited candidates,other venue
train,all cited candidates,other arXiv (physics.soc-ph)
train,all cited candidates,CL / NLP
train,all cited candidates,CL / NLP
train,all cited candidates,CL / NLP
train,all cited candidates,CL / NLP
train,all cited candidates,CL / NLP
train,all cited candidates,unknown
train,all cited candidates,unknown
train,all cited candidates,information retrieval
train,all cited candidates,CL / NLP
train,all cited candidates,CL / NLP
train,all cited candidates,CL / NLP
train,all cited candidates,CL / NLP
train,all cited candidates,CL / NLP
train,all cited candidates,unknown
train,all cited candidates,CL / NLP
train,all cited candidates,unknown
train,all cited candidates,CL / NLP
train,all cited candidates,CL / NLP
train,all cited candidates,CL / NLP
train,all cited candidates,unknown
train,all cited candidates,CL / NLP
train,all cited candidates,speech
train,all cited candidates,CL / NLP
train,all cited candidates,CL / NLP
train,all cited candidates,other venue
train,all cited candidates,CL / NLP
train,all cited candidates,CL / NLP
train,all cited candidates,CL / NLP
train,all cited candidates,CL / NLP
train,all cited candidates,CL / NLP
train,all cited candidates,CL / NLP
train,all cited candidates,CL / NLP
train,all cited candidates,CL / NLP
train,all cited candidates,other venue
train,all cited candidates,CL / NLP
train,all cited candidates,CL / NLP
train,all cited candidates,CL / NLP
train,all cited candidates,CL / NLP
train,all cited candidates,information retrieval
train,all cited candidates,CL / NLP
train,all cited candidates,CL / NLP
train,all cited candidates,information retrieval
train,all cited candidates,information retrieval
train,all cited candidates,CL / NLP
train,all cited candidates,CL / NLP
train,all cited candidates,CL / NLP
train,all cited candidates,CL / NLP
train,all cited candidates,CL / NLP
train,all cited candidates,CL / NLP
train,all cited candidates,speech
train,all cited candidates,speech
train,all cited candidates,CL / NLP
train,all cited candidates,CL / NLP
train,all cited candidates,unknown
train,all cited candidates,CL / NLP
train,all cited candidates,CL / NLP
train,all cited candidates,CL / NLP
train,all cited candidates,ML / AI (general)
train,all cited candidates,CL / NLP
train,all cited candidates,CL / NLP
train,all cited candidates,ML / AI (general)
train,all cited candidates,CL / NLP
train,all cited candidates,CL / NLP
train,all cited candidates,CL / NLP
train,all cited candidates,CL / NLP
train,all cited candidates,CL / NLP
train,all cited candidates,CL / NLP
train,all cited candidates,information retrieval
train,all cited candidates,CL / NLP
train,all cited candidates,ML / AI (general)
train,all cited candidates,ML / AI (general)
train,all cited candidates,CL / NLP
train,all cited candidates,ML / AI (general)
train,all cited candidates,CL / NLP
train,all cited candidates,CL / NLP
train,all cited candidates,other venue
train,all cited candidates,CL / NLP
train,all cited candidates,CL / NLP
train,all cited candidates,CL / NLP
train,all cited candidates,CL / NLP
train,all cited candidates,CL / NLP
train,all cited candidates,CL / NLP
train,all cited candidates,ML / AI (general)
train,all cited candidates,ML / AI (general)
train,all cited candidates,CL / NLP
train,all cited candidates,CL / NLP
train,all cited candidates,CL / NLP
train,all cited candidates,CL / NLP
train,all cited candidates,CL / NLP
train,all cited candidates,CL / NLP
train,all cited candidates,CL / NLP
train,all cited candidates,CL / NLP
train,all cited candidates,CL / NLP
train,all cited candidates,CL / NLP
train,all cited candidates,CL / NLP
train,all cited candidates,CL / NLP
train,all cited candidates,CL / NLP
train,all cited candidates,CL / NLP
train,all cited candidates,CL / NLP
train,all cited candidates,CL / NLP
train,all cited candidates,CL / NLP
train,all cited candidates,CL / NLP
train,all cited candidates,CL / NLP
train,all cited candidates,CL / NLP
train,all cited candidates,other venue
train,all cited candidates,CL / NLP
train,all cited candidates,CL / NLP
train,all cited candidates,CL / NLP
train,all cited candidates,computer vision
train,all cited candidates,CL / NLP
train,all cited candidates,CL / NLP
train,all cited candidates,unknown
train,all cited candidates,CL / NLP
train,all cited candidates,CL / NLP
train,all cited candidates,CL / NLP
train,all cited candidates,CL / NLP
train,all cited candidates,CL / NLP
train,all cited candidates,CL / NLP
train,all cited candidates,CL / NLP
train,all cited candidates,CL / NLP
train,all cited candidates,CL / NLP
train,all cited candidates,CL / NLP
train,all cited candidates,CL / NLP
train,all cited candidates,computer vision
train,all cited candidates,CL / NLP
train,all cited candidates,CL / NLP
train,all cited candidates,ML / AI (general)
train,all cited candidates,CL / NLP
train,all cited candidates,CL / NLP
train,all cited candidates,CL / NLP
train,all cited candidates,CL / NLP
train,all cited candidates,CL / NLP
train,all cited candidates,CL / NLP
train,all cited candidates,CL / NLP
train,all cited candidates,CL / NLP
train,all cited candidates,CL / NLP
train,all cited candidates,CL / NLP
train,all cited candidates,CL / NLP
train,all cited candidates,CL / NLP
train,all cited candidates,CL / NLP
train,all cited candidates,unknown
train,all cited candidates,CL / NLP
train,all cited candidates,CL / NLP
train,all cited candidates,ML / AI (general)
train,all cited candidates,CL / NLP
train,all cited candidates,CL / NLP
train,all cited candidates,CL / NLP
train,all cited candidates,CL / NLP
train,all cited candidates,computer vision
train,all cited candidates,CL / NLP
train,all cited candidates,CL / NLP
train,all cited candidates,CL / NLP
train,all cited candidates,unknown
train,all cited candidates,CL / NLP
train,all cited candidates,CL / NLP
train,all cited candidates,CL / NLP
train,all cited candidates,computer vision
train,all cited candidates,unknown
train,all cited candidates,CL / NLP
train,all cited candidates,unknown
train,all cited candidates,CL / NLP
train,all cited candidates,CL / NLP
train,all cited candidates,CL / NLP
train,all cited candidates,CL / NLP
train,all cited candidates,ML / AI (general)
train,all cited candidates,CL / NLP
train,all cited candidates,other venue
train,all cited candidates,CL / NLP
train,all cited candidates,CL / NLP
train,all cited candidates,CL / NLP
train,all cited candidates,CL / NLP
train,all cited candidates,CL / NLP
train,all cited candidates,ML / AI (general)
train,all cited candidates,CL / NLP
train,all cited candidates,CL / NLP
train,all cited candidates,CL / NLP
train,all cited candidates,CL / NLP
train,all cited candidates,information retrieval
train,all cited candidates,CL / NLP
train,all cited candidates,information retrieval
train,all cited candidates,CL / NLP
train,all cited candidates,CL / NLP
train,all cited candidates,CL / NLP
train,all cited candidates,ML / AI (general)
train,all cited candidates,CL / NLP
train,all cited candidates,CL / NLP
train,all cited candidates,CL / NLP
train,all cited candidates,CL / NLP
train,all cited candidates,CL / NLP
train,all cited candidates,CL / NLP
train,all cited candidates,CL / NLP
train,all cited candidates,unknown
train,all cited candidates,CL / NLP
train,all cited candidates,CL / NLP
train,all cited candidates,CL / NLP
train,all cited candidates,other venue
train,all cited candidates,CL / NLP
train,all cited candidates,CL / NLP
train,all cited candidates,CL / NLP
train,all cited candidates,CL / NLP
train,all cited candidates,CL / NLP
train,all cited candidates,CL / NLP
train,all cited candidates,speech
train,all cited candidates,CL / NLP
train,all cited candidates,CL / NLP
train,all cited candidates,CL / NLP
train,all cited candidates,CL / NLP
train,all cited candidates,CL / NLP
train,all cited candidates,CL / NLP
train,all cited candidates,CL / NLP
train,all cited candidates,CL / NLP
train,all cited candidates,computer vision
train,all cited candidates,CL / NLP
train,all cited candidates,CL / NLP
train,all cited candidates,CL / NLP
train,all cited candidates,CL / NLP
train,all cited candidates,other venue
train,all cited candidates,CL / NLP
train,all cited candidates,CL / NLP
train,all cited candidates,CL / NLP
train,all cited candidates,CL / NLP
train,all cited candidates,CL / NLP
train,all cited candidates,CL / NLP
train,all cited candidates,unknown
train,all cited candidates,CL / NLP
train,all cited candidates,other venue
train,all cited candidates,ML / AI (general)
train,all cited candidates,information retrieval
train,all cited candidates,CL / NLP
train,all cited candidates,CL / NLP
train,all cited candidates,CL / NLP
train,all cited candidates,CL / NLP
train,all cited candidates,CL / NLP
train,all cited candidates,other venue
train,all cited candidates,speech
train,all cited candidates,CL / NLP
train,all cited candidates,CL / NLP
train,all cited candidates,CL / NLP
train,all cited candidates,ML / AI (general)
train,all cited candidates,CL / NLP
train,all cited candidates,other venue
train,all cited candidates,ML / AI (general)
train,all cited candidates,CL / NLP
train,all cited candidates,CL / NLP
train,all cited candidates,CL / NLP
train,all cited candidates,CL / NLP
train,all cited candidates,CL / NLP
train,all cited candidates,CL / NLP
train,all cited candidates,CL / NLP
train,all cited candidates,ML / AI (general)
train,all cited candidates,CL / NLP
train,all cited candidates,CL / NLP
train,all cited candidates,CL / NLP
train,all cited candidates,other venue
train,all cited candidates,ML / AI (general)
train,all cited candidates,unknown
train,all cited candidates,CL / NLP
train,all cited candidates,CL / NLP
train,all cited candidates,CL / NLP
train,all cited candidates,CL / NLP
train,all cited candidates,computer vision
train,all cited candidates,computer vision
train,all cited candidates,computer vision
train,all cited candidates,computer vision
train,all cited candidates,computer vision
train,all cited candidates,CL / NLP
train,all cited candidates,computer vision
train,all cited candidates,CL / NLP
train,all cited candidates,CL / NLP
train,all cited candidates,computer vision
train,all cited candidates,computer vision
train,all cited candidates,CL / NLP
train,all cited candidates,CL / NLP
train,all cited candidates,ML / AI (general)
train,all cited candidates,CL / NLP
train,all cited candidates,CL / NLP
train,all cited candidates,CL / NLP
train,all cited candidates,information retrieval
train,all cited candidates,CL / NLP
train,all cited candidates,unknown
train,all cited candidates,CL / NLP
train,all cited candidates,CL / NLP
train,all cited candidates,other venue
train,all cited candidates,CL / NLP
train,all cited candidates,CL / NLP
train,all cited candidates,CL / NLP
train,all cited candidates,CL / NLP
train,all cited candidates,speech
train,all cited candidates,computer vision
train,all cited candidates,computer vision
train,all cited candidates,computer vision
train,all cited candidates,computer vision
train,all cited candidates,computer vision
train,all cited candidates,computer vision
train,all cited candidates,CL / NLP
train,all cited candidates,CL / NLP
train,all cited candidates,CL / NLP
train,all cited candidates,CL / NLP
train,all cited candidates,CL / NLP
train,all cited candidates,information retrieval
train,all cited candidates,CL / NLP
train,all cited candidates,CL / NLP
train,all cited candidates,ML / AI (general)
train,all cited candidates,CL / NLP
train,all cited candidates,CL / NLP
train,all cited candidates,CL / NLP
train,all cited candidates,CL / NLP
train,all cited candidates,CL / NLP
train,all cited candidates,CL / NLP
train,all cited candidates,CL / NLP
train,all cited candidates,CL / NLP
train,all cited candidates,CL / NLP
train,all cited candidates,CL / NLP
train,all cited candidates,CL / NLP
train,all cited candidates,CL / NLP
train,all cited candidates,CL / NLP
train,all cited candidates,CL / NLP
train,all cited candidates,CL / NLP
train,all cited candidates,CL / NLP
train,all cited candidates,CL / NLP
train,all cited candidates,CL / NLP
train,all cited candidates,CL / NLP
train,all cited candidates,CL / NLP
train,all cited candidates,CL / NLP
train,all cited candidates,CL / NLP
train,all cited candidates,CL / NLP
train,all cited candidates,CL / NLP
train,all cited candidates,CL / NLP
train,all cited candidates,CL / NLP
train,all cited candidates,CL / NLP
train,all cited candidates,ML / AI (general)
train,all cited candidates,ML / AI (general)
train,all cited candidates,CL / NLP
train,all cited candidates,CL / NLP
train,all cited candidates,CL / NLP
train,all cited candidates,CL / NLP
train,all cited candidates,CL / NLP
train,all cited candidates,CL / NLP
train,all cited candidates,CL / NLP
train,all cited candidates,CL / NLP
train,all cited candidates,CL / NLP
train,all cited candidates,CL / NLP
train,all cited candidates,ML / AI (general)
train,all cited candidates,CL / NLP
train,all cited candidates,CL / NLP
train,all cited candidates,CL / NLP
train,all cited candidates,CL / NLP
train,all cited candidates,CL / NLP
train,all cited candidates,CL / NLP
train,all cited candidates,CL / NLP
train,all cited candidates,CL / NLP
train,all cited candidates,CL / NLP
train,all cited candidates,CL / NLP
train,all cited candidates,CL / NLP
train,all cited candidates,CL / NLP
train,all cited candidates,computer vision
train,all cited candidates,computer vision
train,all cited candidates,CL / NLP
train,all cited candidates,computer vision
train,all cited candidates,CL / NLP
train,all cited candidates,CL / NLP
train,all cited candidates,CL / NLP
train,all cited candidates,CL / NLP
train,all cited candidates,CL / NLP
train,all cited candidates,CL / NLP
train,all cited candidates,CL / NLP
train,all cited candidates,CL / NLP
train,all cited candidates,CL / NLP
train,all cited candidates,CL / NLP
train,all cited candidates,CL / NLP
train,all cited candidates,CL / NLP
train,all cited candidates,CL / NLP
train,all cited candidates,information retrieval
train,all cited candidates,computer vision
train,all cited candidates,CL / NLP
train,all cited candidates,CL / NLP
train,all cited candidates,CL / NLP
train,all cited candidates,CL / NLP
train,all cited candidates,CL / NLP
train,all cited candidates,CL / NLP
train,all cited candidates,CL / NLP
train,all cited candidates,other venue
train,all cited candidates,CL / NLP
train,all cited candidates,ML / AI (general)
train,all cited candidates,CL / NLP
train,all cited candidates,CL / NLP
train,all cited candidates,unknown
train,all cited candidates,speech
train,all cited candidates,CL / NLP
train,all cited candidates,CL / NLP
train,all cited candidates,CL / NLP
train,all cited candidates,CL / NLP
train,all cited candidates,CL / NLP
train,all cited candidates,CL / NLP
train,all cited candidates,CL / NLP
train,all cited candidates,CL / NLP
train,all cited candidates,CL / NLP
train,all cited candidates,CL / NLP
train,all cited candidates,CL / NLP
train,all cited candidates,CL / NLP
train,all cited candidates,CL / NLP
train,all cited candidates,CL / NLP
train,all cited candidates,ML / AI (general)
train,all cited candidates,CL / NLP
train,all cited candidates,ML / AI (general)
train,all cited candidates,CL / NLP
train,all cited candidates,CL / NLP
train,all cited candidates,CL / NLP
train,all cited candidates,CL / NLP
train,all cited candidates,CL / NLP
train,all cited candidates,CL / NLP
train,all cited candidates,CL / NLP
train,all cited candidates,unknown
train,all cited candidates,CL / NLP
train,all cited candidates,CL / NLP
train,all cited candidates,CL / NLP
train,all cited candidates,CL / NLP
train,all cited candidates,CL / NLP
train,all cited candidates,CL / NLP
train,all cited candidates,ML / AI (general)
train,all cited candidates,CL / NLP
train,all cited candidates,ML / AI (general)
train,all cited candidates,CL / NLP
train,all cited candidates,CL / NLP
train,all cited candidates,CL / NLP
train,all cited candidates,CL / NLP
train,all cited candidates,CL / NLP
train,all cited candidates,CL / NLP
train,all cited candidates,CL / NLP
train,all cited candidates,CL / NLP
train,all cited candidates,CL / NLP
train,all cited candidates,CL / NLP
train,all cited candidates,other venue
train,all cited candidates,CL / NLP
train,all cited candidates,CL / NLP
train,all cited candidates,CL / NLP
train,all cited candidates,CL / NLP
train,all cited candidates,CL / NLP
train,all cited candidates,CL / NLP
train,all cited candidates,CL / NLP
train,all cited candidates,CL / NLP
train,all cited candidates,CL / NLP
train,all cited candidates,CL / NLP
train,all cited candidates,CL / NLP
train,all cited candidates,CL / NLP
train,all cited candidates,CL / NLP
train,all cited candidates,CL / NLP
train,all cited candidates,CL / NLP
train,all cited candidates,ML / AI (general)
train,all cited candidates,information retrieval
train,all cited candidates,CL / NLP
train,all cited candidates,CL / NLP
train,all cited candidates,CL / NLP
train,all cited candidates,CL / NLP
train,all cited candidates,CL / NLP
train,all cited candidates,ML / AI (general)
train,all cited candidates,ML / AI (general)
train,all cited candidates,CL / NLP
train,all cited candidates,CL / NLP
train,all cited candidates,CL / NLP
train,all cited candidates,CL / NLP
train,all cited candidates,CL / NLP
train,all cited candidates,CL / NLP
train,all cited candidates,CL / NLP
train,all cited candidates,CL / NLP
train,all cited candidates,ML / AI (general)
train,all cited candidates,CL / NLP
train,all cited candidates,CL / NLP
train,all cited candidates,CL / NLP
train,all cited candidates,CL / NLP
train,all cited candidates,CL / NLP
train,all cited candidates,CL / NLP
train,all cited candidates,CL / NLP
train,all cited candidates,CL / NLP
train,all cited candidates,CL / NLP
train,all cited candidates,CL / NLP
train,all cited candidates,CL / NLP
train,all cited candidates,CL / NLP
train,all cited candidates,CL / NLP
train,all cited candidates,CL / NLP
train,all cited candidates,CL / NLP
train,all cited candidates,CL / NLP
train,all cited candidates,CL / NLP
train,all cited candidates,unknown
train,all cited candidates,CL / NLP
train,all cited candidates,speech
train,all cited candidates,CL / NLP
train,all cited candidates,CL / NLP
train,all cited candidates,CL / NLP
train,all cited candidates,CL / NLP
dev,inspiration (gold),CL / NLP
dev,inspiration (gold),CL / NLP
dev,inspiration (gold),CL / NLP
dev,inspiration (gold),CL / NLP
dev,inspiration (gold),CL / NLP
dev,inspiration (gold),ML / AI (general)
dev,inspiration (gold),computer vision
dev,inspiration (gold),unknown
dev,inspiration (gold),CL / NLP
dev,inspiration (gold),CL / NLP
dev,inspiration (gold),CL / NLP
dev,inspiration (gold),CL / NLP
dev,inspiration (gold),CL / NLP
dev,inspiration (gold),CL / NLP
dev,inspiration (gold),CL / NLP
dev,inspiration (gold),CL / NLP
dev,inspiration (gold),CL / NLP
dev,inspiration (gold),CL / NLP
dev,inspiration (gold),CL / NLP
dev,inspiration (gold),CL / NLP
dev,inspiration (gold),CL / NLP
dev,inspiration (gold),CL / NLP
dev,inspiration (gold),CL / NLP
dev,inspiration (gold),CL / NLP
dev,inspiration (gold),CL / NLP
dev,inspiration (gold),computer vision
dev,inspiration (gold),CL / NLP
dev,inspiration (gold),speech
dev,inspiration (gold),CL / NLP
dev,inspiration (gold),CL / NLP
dev,inspiration (gold),CL / NLP
dev,inspiration (gold),ML / AI (general)
dev,inspiration (gold),CL / NLP
dev,inspiration (gold),ML / AI (general)
dev,inspiration (gold),CL / NLP
dev,inspiration (gold),other venue
dev,inspiration (gold),CL / NLP
dev,inspiration (gold),ML / AI (general)
dev,inspiration (gold),CL / NLP
dev,inspiration (gold),CL / NLP
dev,inspiration (gold),CL / NLP
dev,inspiration (gold),CL / NLP
dev,inspiration (gold),CL / NLP
dev,inspiration (gold),CL / NLP
dev,inspiration (gold),CL / NLP
dev,inspiration (gold),CL / NLP
dev,inspiration (gold),CL / NLP
dev,inspiration (gold),CL / NLP
dev,inspiration (gold),CL / NLP
dev,inspiration (gold),CL / NLP
dev,inspiration (gold),CL / NLP
dev,inspiration (gold),CL / NLP
dev,inspiration (gold),CL / NLP
dev,inspiration (gold),ML / AI (general)
dev,inspiration (gold),CL / NLP
dev,inspiration (gold),CL / NLP
dev,inspiration (gold),information retrieval
dev,inspiration (gold),CL / NLP
dev,inspiration (gold),ML / AI (general)
dev,inspiration (gold),CL / NLP
dev,inspiration (gold),CL / NLP
dev,inspiration (gold),CL / NLP
dev,inspiration (gold),CL / NLP
dev,inspiration (gold),computer vision
dev,inspiration (gold),CL / NLP
dev,inspiration (gold),CL / NLP
dev,inspiration (gold),CL / NLP
dev,inspiration (gold),CL / NLP
dev,inspiration (gold),CL / NLP
dev,inspiration (gold),CL / NLP
dev,inspiration (gold),CL / NLP
dev,inspiration (gold),CL / NLP
dev,inspiration (gold),ML / AI (general)
dev,inspiration (gold),CL / NLP
dev,inspiration (gold),CL / NLP
dev,inspiration (gold),CL / NLP
dev,inspiration (gold),CL / NLP
dev,inspiration (gold),CL / NLP
dev,inspiration (gold),unknown
dev,inspiration (gold),other arXiv (cs.SI)
dev,inspiration (gold),CL / NLP
dev,inspiration (gold),unknown
dev,inspiration (gold),CL / NLP
dev,inspiration (gold),CL / NLP
dev,inspiration (gold),CL / NLP
dev,inspiration (gold),CL / NLP
dev,inspiration (gold),CL / NLP
dev,inspiration (gold),CL / NLP
dev,inspiration (gold),speech
dev,inspiration (gold),CL / NLP
dev,inspiration (gold),CL / NLP
dev,inspiration (gold),CL / NLP
dev,inspiration (gold),CL / NLP
dev,inspiration (gold),CL / NLP
dev,inspiration (gold),CL / NLP
dev,all cited candidates,CL / NLP
dev,all cited candidates,ML / AI (general)
dev,all cited candidates,CL / NLP
dev,all cited candidates,CL / NLP
dev,all cited candidates,CL / NLP
dev,all cited candidates,CL / NLP
dev,all cited candidates,CL / NLP
dev,all cited candidates,CL / NLP
dev,all cited candidates,CL / NLP
dev,all cited candidates,CL / NLP
dev,all cited candidates,CL / NLP
dev,all cited candidates,CL / NLP
dev,all cited candidates,computer vision
dev,all cited candidates,ML / AI (general)
dev,all cited candidates,unknown
dev,all cited candidates,CL / NLP
dev,all cited candidates,CL / NLP
dev,all cited candidates,CL / NLP
dev,all cited candidates,CL / NLP
dev,all cited candidates,CL / NLP
dev,all cited candidates,CL / NLP
dev,all cited candidates,CL / NLP
dev,all cited candidates,CL / NLP
dev,all cited candidates,other venue
dev,all cited candidates,CL / NLP
dev,all cited candidates,CL / NLP
dev,all cited candidates,CL / NLP
dev,all cited candidates,CL / NLP
dev,all cited candidates,speech
dev,all cited candidates,CL / NLP
dev,all cited candidates,CL / NLP
dev,all cited candidates,CL / NLP
dev,all cited candidates,CL / NLP
dev,all cited candidates,CL / NLP
dev,all cited candidates,CL / NLP
dev,all cited candidates,CL / NLP
dev,all cited candidates,computer vision
dev,all cited candidates,CL / NLP
dev,all cited candidates,speech
dev,all cited candidates,CL / NLP
dev,all cited candidates,CL / NLP
dev,all cited candidates,CL / NLP
dev,all cited candidates,ML / AI (general)
dev,all cited candidates,CL / NLP
dev,all cited candidates,CL / NLP
dev,all cited candidates,CL / NLP
dev,all cited candidates,CL / NLP
dev,all cited candidates,ML / AI (general)
dev,all cited candidates,ML / AI (general)
dev,all cited candidates,CL / NLP
dev,all cited candidates,CL / NLP
dev,all cited candidates,CL / NLP
dev,all cited candidates,other venue
dev,all cited candidates,CL / NLP
dev,all cited candidates,computer vision
dev,all cited candidates,ML / AI (general)
dev,all cited candidates,ML / AI (general)
dev,all cited candidates,ML / AI (general)
dev,all cited candidates,CL / NLP
dev,all cited candidates,CL / NLP
dev,all cited candidates,CL / NLP
dev,all cited candidates,CL / NLP
dev,all cited candidates,CL / NLP
dev,all cited candidates,CL / NLP
dev,all cited candidates,ML / AI (general)
dev,all cited candidates,CL / NLP
dev,all cited candidates,CL / NLP
dev,all cited candidates,ML / AI (general)
dev,all cited candidates,ML / AI (general)
dev,all cited candidates,CL / NLP
dev,all cited candidates,CL / NLP
dev,all cited candidates,CL / NLP
dev,all cited candidates,CL / NLP
dev,all cited candidates,CL / NLP
dev,all cited candidates,CL / NLP
dev,all cited candidates,CL / NLP
dev,all cited candidates,CL / NLP
dev,all cited candidates,CL / NLP
dev,all cited candidates,CL / NLP
dev,all cited candidates,CL / NLP
dev,all cited candidates,CL / NLP
dev,all cited candidates,CL / NLP
dev,all cited candidates,CL / NLP
dev,all cited candidates,CL / NLP
dev,all cited candidates,CL / NLP
dev,all cited candidates,CL / NLP
dev,all cited candidates,CL / NLP
dev,all cited candidates,CL / NLP
dev,all cited candidates,CL / NLP
dev,all cited candidates,CL / NLP
dev,all cited candidates,ML / AI (general)
dev,all cited candidates,ML / AI (general)
dev,all cited candidates,CL / NLP
dev,all cited candidates,CL / NLP
dev,all cited candidates,information retrieval
dev,all cited candidates,CL / NLP
dev,all cited candidates,ML / AI (general)
dev,all cited candidates,CL / NLP
dev,all cited candidates,CL / NLP
dev,all cited candidates,CL / NLP
dev,all cited candidates,CL / NLP
dev,all cited candidates,CL / NLP
dev,all cited candidates,CL / NLP
dev,all cited candidates,CL / NLP
dev,all cited candidates,CL / NLP
dev,all cited candidates,CL / NLP
dev,all cited candidates,computer vision
dev,all cited candidates,computer vision
dev,all cited candidates,CL / NLP
dev,all cited candidates,computer vision
dev,all cited candidates,CL / NLP
dev,all cited candidates,CL / NLP
dev,all cited candidates,CL / NLP
dev,all cited candidates,CL / NLP
dev,all cited candidates,CL / NLP
dev,all cited candidates,CL / NLP
dev,all cited candidates,CL / NLP
dev,all cited candidates,CL / NLP
dev,all cited candidates,CL / NLP
dev,all cited candidates,CL / NLP
dev,all cited candidates,CL / NLP
dev,all cited candidates,other venue
dev,all cited candidates,CL / NLP
dev,all cited candidates,unknown
dev,all cited candidates,CL / NLP
dev,all cited candidates,CL / NLP
dev,all cited candidates,ML / AI (general)
dev,all cited candidates,CL / NLP
dev,all cited candidates,CL / NLP
dev,all cited candidates,CL / NLP
dev,all cited candidates,CL / NLP
dev,all cited candidates,CL / NLP
dev,all cited candidates,other arXiv (cs.SI)
dev,all cited candidates,CL / NLP
dev,all cited candidates,unknown
dev,all cited candidates,CL / NLP
dev,all cited candidates,CL / NLP
dev,all cited candidates,CL / NLP
dev,all cited candidates,CL / NLP
dev,all cited candidates,ML / AI (general)
dev,all cited candidates,CL / NLP
dev,all cited candidates,CL / NLP
dev,all cited candidates,CL / NLP
dev,all cited candidates,CL / NLP
dev,all cited candidates,CL / NLP
dev,all cited candidates,CL / NLP
dev,all cited candidates,CL / NLP
dev,all cited candidates,CL / NLP
dev,all cited candidates,CL / NLP
dev,all cited candidates,speech
dev,all cited candidates,CL / NLP
dev,all cited candidates,speech
dev,all cited candidates,CL / NLP
dev,all cited candidates,CL / NLP
dev,all cited candidates,CL / NLP
dev,all cited candidates,CL / NLP
dev,all cited candidates,CL / NLP
dev,all cited candidates,CL / NLP
dev,all cited candidates,CL / NLP
dev,all cited candidates,CL / NLP
dev,all cited candidates,CL / NLP
dev,all cited candidates,CL / NLP
dev,all cited candidates,CL / NLP
dev,all cited candidates,CL / NLP
dev,all cited candidates,CL / NLP
dev,all cited candidates,CL / NLP
dev,all cited candidates,CL / NLP
dev,all cited candidates,other venue
dev,all cited candidates,CL / NLP
dev,all cited candidates,CL / NLP
dev,all cited candidates,CL / NLP
dev,all cited candidates,CL / NLP
dev,all cited candidates,CL / NLP
dev,all cited candidates,CL / NLP
dev,all cited candidates,CL / NLP
dev,all cited candidates,speech
dev,all cited candidates,speech
dev,all cited candidates,CL / NLP
dev,all cited candidates,CL / NLP
test,inspiration (gold),CL / NLP
test,inspiration (gold),CL / NLP
test,inspiration (gold),CL / NLP
test,inspiration (gold),CL / NLP
test,inspiration (gold),CL / NLP
test,inspiration (gold),CL / NLP
test,inspiration (gold),information retrieval
test,inspiration (gold),CL / NLP
test,inspiration (gold),CL / NLP
test,inspiration (gold),CL / NLP
test,inspiration (gold),CL / NLP
test,inspiration (gold),CL / NLP
test,inspiration (gold),CL / NLP
test,inspiration (gold),CL / NLP
test,inspiration (gold),CL / NLP
test,inspiration (gold),CL / NLP
test,inspiration (gold),ML / AI (general)
test,inspiration (gold),CL / NLP
test,inspiration (gold),CL / NLP
test,inspiration (gold),CL / NLP
test,inspiration (gold),CL / NLP
test,inspiration (gold),CL / NLP
test,inspiration (gold),information retrieval
test,inspiration (gold),CL / NLP
test,inspiration (gold),ML / AI (general)
test,inspiration (gold),CL / NLP
test,inspiration (gold),CL / NLP
test,inspiration (gold),CL / NLP
test,inspiration (gold),other venue
test,inspiration (gold),CL / NLP
test,inspiration (gold),CL / NLP
test,inspiration (gold),CL / NLP
test,inspiration (gold),CL / NLP
test,inspiration (gold),CL / NLP
test,inspiration (gold),CL / NLP
test,inspiration (gold),CL / NLP
test,inspiration (gold),CL / NLP
test,inspiration (gold),CL / NLP
test,inspiration (gold),CL / NLP
test,inspiration (gold),CL / NLP
test,inspiration (gold),ML / AI (general)
test,inspiration (gold),CL / NLP
test,inspiration (gold),unknown
test,inspiration (gold),CL / NLP
test,inspiration (gold),CL / NLP
test,inspiration (gold),CL / NLP
test,inspiration (gold),CL / NLP
test,inspiration (gold),CL / NLP
test,inspiration (gold),CL / NLP
test,inspiration (gold),CL / NLP
test,inspiration (gold),CL / NLP
test,inspiration (gold),CL / NLP
test,inspiration (gold),CL / NLP
test,inspiration (gold),CL / NLP
test,inspiration (gold),CL / NLP
test,inspiration (gold),CL / NLP
test,inspiration (gold),CL / NLP
test,inspiration (gold),ML / AI (general)
test,inspiration (gold),CL / NLP
test,inspiration (gold),CL / NLP
test,inspiration (gold),CL / NLP
test,inspiration (gold),CL / NLP
test,inspiration (gold),ML / AI (general)
test,inspiration (gold),CL / NLP
test,inspiration (gold),ML / AI (general)
test,inspiration (gold),CL / NLP
test,inspiration (gold),CL / NLP
test,inspiration (gold),CL / NLP
test,inspiration (gold),CL / NLP
test,inspiration (gold),CL / NLP
test,inspiration (gold),CL / NLP
test,inspiration (gold),CL / NLP
test,inspiration (gold),CL / NLP
test,inspiration (gold),CL / NLP
test,inspiration (gold),other venue
test,inspiration (gold),other venue
test,inspiration (gold),CL / NLP
test,inspiration (gold),CL / NLP
test,inspiration (gold),ML / AI (general)
test,inspiration (gold),computer vision
test,inspiration (gold),CL / NLP
test,inspiration (gold),CL / NLP
test,inspiration (gold),CL / NLP
test,inspiration (gold),CL / NLP
test,inspiration (gold),CL / NLP
test,inspiration (gold),CL / NLP
test,inspiration (gold),CL / NLP
test,inspiration (gold),CL / NLP
test,inspiration (gold),other venue
test,inspiration (gold),unknown
test,inspiration (gold),CL / NLP
test,inspiration (gold),CL / NLP
test,inspiration (gold),CL / NLP
test,inspiration (gold),CL / NLP
test,inspiration (gold),computer vision
test,inspiration (gold),CL / NLP
test,inspiration (gold),CL / NLP
test,inspiration (gold),computer vision
test,inspiration (gold),CL / NLP
test,inspiration (gold),CL / NLP
test,inspiration (gold),CL / NLP
test,inspiration (gold),CL / NLP
test,inspiration (gold),CL / NLP
test,inspiration (gold),CL / NLP
test,inspiration (gold),CL / NLP
test,inspiration (gold),CL / NLP
test,inspiration (gold),computer vision
test,inspiration (gold),CL / NLP
test,inspiration (gold),computer vision
test,inspiration (gold),ML / AI (general)
test,inspiration (gold),CL / NLP
test,inspiration (gold),ML / AI (general)
test,inspiration (gold),computer vision
test,inspiration (gold),computer vision
test,inspiration (gold),CL / NLP
test,inspiration (gold),unknown
test,inspiration (gold),CL / NLP
test,inspiration (gold),CL / NLP
test,inspiration (gold),CL / NLP
test,inspiration (gold),CL / NLP
test,inspiration (gold),CL / NLP
test,inspiration (gold),speech
test,inspiration (gold),CL / NLP
test,inspiration (gold),CL / NLP
test,inspiration (gold),CL / NLP
test,inspiration (gold),CL / NLP
test,inspiration (gold),CL / NLP
test,inspiration (gold),CL / NLP
test,inspiration (gold),ML / AI (general)
test,inspiration (gold),CL / NLP
test,inspiration (gold),CL / NLP
test,inspiration (gold),ML / AI (general)
test,inspiration (gold),CL / NLP
test,inspiration (gold),CL / NLP
test,inspiration (gold),CL / NLP
test,inspiration (gold),CL / NLP
test,inspiration (gold),CL / NLP
test,inspiration (gold),CL / NLP
test,inspiration (gold),CL / NLP
test,inspiration (gold),other venue
test,inspiration (gold),CL / NLP
test,inspiration (gold),CL / NLP
test,inspiration (gold),CL / NLP
test,inspiration (gold),CL / NLP
test,inspiration (gold),CL / NLP
test,inspiration (gold),CL / NLP
test,inspiration (gold),CL / NLP
test,inspiration (gold),CL / NLP
test,inspiration (gold),CL / NLP
test,inspiration (gold),CL / NLP
test,inspiration (gold),CL / NLP
test,inspiration (gold),CL / NLP
test,inspiration (gold),CL / NLP
test,inspiration (gold),CL / NLP
test,inspiration (gold),CL / NLP
test,inspiration (gold),CL / NLP
test,inspiration (gold),computer vision
test,inspiration (gold),CL / NLP
test,inspiration (gold),other venue
test,inspiration (gold),CL / NLP
test,inspiration (gold),CL / NLP
test,inspiration (gold),CL / NLP
test,inspiration (gold),CL / NLP
test,inspiration (gold),CL / NLP
test,inspiration (gold),CL / NLP
test,inspiration (gold),computer vision
test,inspiration (gold),unknown
test,inspiration (gold),CL / NLP
test,inspiration (gold),CL / NLP
test,inspiration (gold),CL / NLP
test,inspiration (gold),CL / NLP
test,inspiration (gold),CL / NLP
test,inspiration (gold),CL / NLP
test,inspiration (gold),CL / NLP
test,inspiration (gold),CL / NLP
test,inspiration (gold),CL / NLP
test,inspiration (gold),CL / NLP
test,inspiration (gold),speech
test,inspiration (gold),speech
test,inspiration (gold),CL / NLP
test,inspiration (gold),CL / NLP
test,inspiration (gold),CL / NLP
test,inspiration (gold),CL / NLP
test,inspiration (gold),CL / NLP
test,inspiration (gold),CL / NLP
test,inspiration (gold),CL / NLP
test,inspiration (gold),CL / NLP
test,inspiration (gold),CL / NLP
test,inspiration (gold),CL / NLP
test,inspiration (gold),CL / NLP
test,inspiration (gold),CL / NLP
test,inspiration (gold),CL / NLP
test,inspiration (gold),CL / NLP
test,all cited candidates,CL / NLP
test,all cited candidates,CL / NLP
test,all cited candidates,ML / AI (general)
test,all cited candidates,speech
test,all cited candidates,CL / NLP
test,all cited candidates,CL / NLP
test,all cited candidates,CL / NLP
test,all cited candidates,CL / NLP
test,all cited candidates,CL / NLP
test,all cited candidates,ML / AI (general)
test,all cited candidates,CL / NLP
test,all cited candidates,CL / NLP
test,all cited candidates,CL / NLP
test,all cited candidates,CL / NLP
test,all cited candidates,CL / NLP
test,all cited candidates,information retrieval
test,all cited candidates,CL / NLP
test,all cited candidates,CL / NLP
test,all cited candidates,CL / NLP
test,all cited candidates,CL / NLP
test,all cited candidates,CL / NLP
test,all cited candidates,ML / AI (general)
test,all cited candidates,computer vision
test,all cited candidates,other venue
test,all cited candidates,CL / NLP
test,all cited candidates,CL / NLP
test,all cited candidates,CL / NLP
test,all cited candidates,CL / NLP
test,all cited candidates,CL / NLP
test,all cited candidates,CL / NLP
test,all cited candidates,CL / NLP
test,all cited candidates,CL / NLP
test,all cited candidates,CL / NLP
test,all cited candidates,CL / NLP
test,all cited candidates,CL / NLP
test,all cited candidates,other arXiv (cs.SI)
test,all cited candidates,CL / NLP
test,all cited candidates,CL / NLP
test,all cited candidates,CL / NLP
test,all cited candidates,CL / NLP
test,all cited candidates,CL / NLP
test,all cited candidates,information retrieval
test,all cited candidates,CL / NLP
test,all cited candidates,ML / AI (general)
test,all cited candidates,CL / NLP
test,all cited candidates,CL / NLP
test,all cited candidates,CL / NLP
test,all cited candidates,CL / NLP
test,all cited candidates,other venue
test,all cited candidates,CL / NLP
test,all cited candidates,CL / NLP
test,all cited candidates,CL / NLP
test,all cited candidates,CL / NLP
test,all cited candidates,CL / NLP
test,all cited candidates,CL / NLP
test,all cited candidates,CL / NLP
test,all cited candidates,CL / NLP
test,all cited candidates,CL / NLP
test,all cited candidates,CL / NLP
test,all cited candidates,CL / NLP
test,all cited candidates,CL / NLP
test,all cited candidates,CL / NLP
test,all cited candidates,CL / NLP
test,all cited candidates,CL / NLP
test,all cited candidates,CL / NLP
test,all cited candidates,ML / AI (general)
test,all cited candidates,CL / NLP
test,all cited candidates,unknown
test,all cited candidates,CL / NLP
test,all cited candidates,CL / NLP
test,all cited candidates,CL / NLP
test,all cited candidates,CL / NLP
test,all cited candidates,CL / NLP
test,all cited candidates,CL / NLP
test,all cited candidates,CL / NLP
test,all cited candidates,CL / NLP
test,all cited candidates,CL / NLP
test,all cited candidates,CL / NLP
test,all cited candidates,CL / NLP
test,all cited candidates,CL / NLP
test,all cited candidates,CL / NLP
test,all cited candidates,CL / NLP
test,all cited candidates,CL / NLP
test,all cited candidates,CL / NLP
test,all cited candidates,CL / NLP
test,all cited candidates,CL / NLP
test,all cited candidates,CL / NLP
test,all cited candidates,CL / NLP
test,all cited candidates,ML / AI (general)
test,all cited candidates,CL / NLP
test,all cited candidates,CL / NLP
test,all cited candidates,CL / NLP
test,all cited candidates,CL / NLP
test,all cited candidates,CL / NLP
test,all cited candidates,CL / NLP
test,all cited candidates,CL / NLP
test,all cited candidates,CL / NLP
test,all cited candidates,ML / AI (general)
test,all cited candidates,ML / AI (general)
test,all cited candidates,CL / NLP
test,all cited candidates,CL / NLP
test,all cited candidates,CL / NLP
test,all cited candidates,CL / NLP
test,all cited candidates,CL / NLP
test,all cited candidates,ML / AI (general)
test,all cited candidates,CL / NLP
test,all cited candidates,CL / NLP
test,all cited candidates,CL / NLP
test,all cited candidates,ML / AI (general)
test,all cited candidates,CL / NLP
test,all cited candidates,CL / NLP
test,all cited candidates,CL / NLP
test,all cited candidates,CL / NLP
test,all cited candidates,CL / NLP
test,all cited candidates,CL / NLP
test,all cited candidates,CL / NLP
test,all cited candidates,CL / NLP
test,all cited candidates,other venue
test,all cited candidates,other venue
test,all cited candidates,CL / NLP
test,all cited candidates,ML / AI (general)
test,all cited candidates,computer vision
test,all cited candidates,CL / NLP
test,all cited candidates,CL / NLP
test,all cited candidates,CL / NLP
test,all cited candidates,CL / NLP
test,all cited candidates,CL / NLP
test,all cited candidates,CL / NLP
test,all cited candidates,CL / NLP
test,all cited candidates,CL / NLP
test,all cited candidates,CL / NLP
test,all cited candidates,CL / NLP
test,all cited candidates,CL / NLP
test,all cited candidates,other venue
test,all cited candidates,unknown
test,all cited candidates,CL / NLP
test,all cited candidates,CL / NLP
test,all cited candidates,CL / NLP
test,all cited candidates,CL / NLP
test,all cited candidates,computer vision
test,all cited candidates,CL / NLP
test,all cited candidates,computer vision
test,all cited candidates,CL / NLP
test,all cited candidates,CL / NLP
test,all cited candidates,unknown
test,all cited candidates,computer vision
test,all cited candidates,CL / NLP
test,all cited candidates,CL / NLP
test,all cited candidates,CL / NLP
test,all cited candidates,CL / NLP
test,all cited candidates,CL / NLP
test,all cited candidates,CL / NLP
test,all cited candidates,CL / NLP
test,all cited candidates,computer vision
test,all cited candidates,CL / NLP
test,all cited candidates,CL / NLP
test,all cited candidates,CL / NLP
test,all cited candidates,CL / NLP
test,all cited candidates,ML / AI (general)
test,all cited candidates,ML / AI (general)
test,all cited candidates,CL / NLP
test,all cited candidates,CL / NLP
test,all cited candidates,CL / NLP
test,all cited candidates,CL / NLP
test,all cited candidates,computer vision
test,all cited candidates,unknown
test,all cited candidates,ML / AI (general)
test,all cited candidates,ML / AI (general)
test,all cited candidates,computer vision
test,all cited candidates,computer vision
test,all cited candidates,CL / NLP
test,all cited candidates,unknown
test,all cited candidates,CL / NLP
test,all cited candidates,CL / NLP
test,all cited candidates,CL / NLP
test,all cited candidates,CL / NLP
test,all cited candidates,speech
test,all cited candidates,CL / NLP
test,all cited candidates,CL / NLP
test,all cited candidates,speech
test,all cited candidates,CL / NLP
test,all cited candidates,CL / NLP
test,all cited candidates,CL / NLP
test,all cited candidates,CL / NLP
test,all cited candidates,ML / AI (general)
test,all cited candidates,CL / NLP
test,all cited candidates,CL / NLP
test,all cited candidates,ML / AI (general)
test,all cited candidates,CL / NLP
test,all cited candidates,CL / NLP
test,all cited candidates,ML / AI (general)
test,all cited candidates,CL / NLP
test,all cited candidates,ML / AI (general)
test,all cited candidates,CL / NLP
test,all cited candidates,CL / NLP
test,all cited candidates,CL / NLP
test,all cited candidates,CL / NLP
test,all cited candidates,CL / NLP
test,all cited candidates,CL / NLP
test,all cited candidates,CL / NLP
test,all cited candidates,other venue
test,all cited candidates,CL / NLP
test,all cited candidates,CL / NLP
test,all cited candidates,CL / NLP
test,all cited candidates,CL / NLP
test,all cited candidates,CL / NLP
test,all cited candidates,computer vision
test,all cited candidates,CL / NLP
test,all cited candidates,CL / NLP
test,all cited candidates,CL / NLP
test,all cited candidates,CL / NLP
test,all cited candidates,CL / NLP
test,all cited candidates,CL / NLP
test,all cited candidates,unknown
test,all cited candidates,CL / NLP
test,all cited candidates,CL / NLP
test,all cited candidates,CL / NLP
test,all cited candidates,CL / NLP
test,all cited candidates,CL / NLP
test,all cited candidates,CL / NLP
test,all cited candidates,CL / NLP
test,all cited candidates,CL / NLP
test,all cited candidates,CL / NLP
test,all cited candidates,CL / NLP
test,all cited candidates,CL / NLP
test,all cited candidates,computer vision
test,all cited candidates,ML / AI (general)
test,all cited candidates,CL / NLP
test,all cited candidates,speech
test,all cited candidates,CL / NLP
test,all cited candidates,other venue
test,all cited candidates,CL / NLP
test,all cited candidates,CL / NLP
test,all cited candidates,CL / NLP
test,all cited candidates,CL / NLP
test,all cited candidates,CL / NLP
test,all cited candidates,CL / NLP
test,all cited candidates,CL / NLP
test,all cited candidates,CL / NLP
test,all cited candidates,CL / NLP
test,all cited candidates,CL / NLP
test,all cited candidates,ML / AI (general)
test,all cited candidates,CL / NLP
test,all cited candidates,computer vision
test,all cited candidates,computer vision
test,all cited candidates,computer vision
test,all cited candidates,CL / NLP
test,all cited candidates,CL / NLP
test,all cited candidates,CL / NLP
test,all cited candidates,CL / NLP
test,all cited candidates,CL / NLP
test,all cited candidates,CL / NLP
test,all cited candidates,CL / NLP
test,all cited candidates,CL / NLP
test,all cited candidates,CL / NLP
test,all cited candidates,CL / NLP
test,all cited candidates,CL / NLP
test,all cited candidates,other venue
test,all cited candidates,CL / NLP
test,all cited candidates,CL / NLP
test,all cited candidates,CL / NLP
test,all cited candidates,speech
test,all cited candidates,speech
test,all cited candidates,CL / NLP
test,all cited candidates,CL / NLP
test,all cited candidates,CL / NLP
test,all cited candidates,CL / NLP
test,all cited candidates,CL / NLP
test,all cited candidates,CL / NLP
test,all cited candidates,CL / NLP
test,all cited candidates,CL / NLP
test,all cited candidates,CL / NLP
test,all cited candidates,CL / NLP
test,all cited candidates,CL / NLP
test,all cited candidates,unknown
test,all cited candidates,CL / NLP
test,all cited candidates,CL / NLP
test,all cited candidates,CL / NLP
test,all cited candidates,speech
test,all cited candidates,CL / NLP
test,all cited candidates,CL / NLP
test,all cited candidates,CL / NLP
test,all cited candidates,CL / NLP
test,all cited candidates,CL / NLP
